filename,class_name,class_id,original_capture_folder,shot_by,annotated_by,split,num_boxes,is_pruned,canonical_reference,prune_reason,meta_cluster
001_azn_00063.jpg,001_azn,0,Avaz1/1 azn/Mekan_04,avaz1,avaz,train,1,False,001_azn_00063.jpg,retained,32
001_azn_00064.jpg,001_azn,0,Avaz1/1 azn/Mekan_04,avaz1,avaz,train,1,False,001_azn_00064.jpg,retained,32
001_azn_00065.jpg,001_azn,0,Avaz1/1 azn/Mekan_04,avaz1,avaz,train,1,False,001_azn_00065.jpg,retained,32
001_azn_00066.jpg,001_azn,0,Avaz1/1 azn/Mekan_04,avaz1,avaz,train,1,False,001_azn_00066.jpg,retained,32
001_azn_00067.jpg,001_azn,0,Avaz1/1 azn/Mekan_04,avaz1,avaz,train,1,False,001_azn_00067.jpg,retained,32
001_azn_00068.jpg,001_azn,0,Avaz1/1 azn/Mekan_04,avaz1,avaz,train,1,False,001_azn_00068.jpg,retained,32
001_azn_00069.jpg,001_azn,0,Avaz1/1 azn/Mekan_04,avaz1,avaz,train,1,False,001_azn_00069.jpg,retained,32
001_azn_00070.jpg,001_azn,0,Avaz1/1 azn/Mekan_04,avaz1,avaz,train,1,False,001_azn_00070.jpg,retained,32
001_azn_00071.jpg,001_azn,0,Avaz1/1 azn/Mekan_04,avaz1,avaz,train,1,False,001_azn_00071.jpg,retained,32
001_azn_00072.jpg,001_azn,0,Avaz1/1 azn/Mekan_04,avaz1,avaz,train,1,False,001_azn_00072.jpg,retained,32
001_azn_00073.jpg,001_azn,0,Avaz1/1 azn/Mekan_04,avaz1,avaz,train,1,False,001_azn_00073.jpg,retained,32
001_azn_00074.jpg,001_azn,0,Avaz1/1 azn/Mekan_04,avaz1,avaz,train,1,False,001_azn_00074.jpg,retained,32
001_azn_00200.jpg,001_azn,0,Gulnar/random/1/Mekan_01,gulnar,avaz,val,2,False,001_azn_00200.jpg,retained,3
001_azn_00201.jpg,001_azn,0,Gulnar/random/1/Mekan_01,gulnar,avaz,val,2,False,001_azn_00201.jpg,retained,3
001_azn_00202.jpg,001_azn,0,Gulnar/random/1/Mekan_01,gulnar,avaz,val,2,False,001_azn_00202.jpg,retained,3
001_azn_00203.jpg,001_azn,0,Gulnar/random/1/Mekan_01,gulnar,avaz,val,2,False,001_azn_00203.jpg,retained,3
001_azn_00204.jpg,001_azn,0,Gulnar/random/1/Mekan_01,gulnar,avaz,val,1,False,001_azn_00204.jpg,retained,3
001_azn_00205.jpg,001_azn,0,Gulnar/random/1/Mekan_01,gulnar,avaz,val,1,False,001_azn_00205.jpg,retained,3
001_azn_00206.jpg,001_azn,0,Gulnar/random/1/Mekan_01,gulnar,avaz,val,2,False,001_azn_00206.jpg,retained,3
001_azn_00207.jpg,001_azn,0,Gulnar/random/1/Mekan_01,gulnar,avaz,val,1,False,001_azn_00207.jpg,retained,3
001_azn_00208.jpg,001_azn,0,Gulnar/random/1/Mekan_01,gulnar,avaz,val,1,False,001_azn_00208.jpg,retained,3
001_azn_00209.jpg,001_azn,0,Gulnar/random/1/Mekan_01,gulnar,avaz,val,1,False,001_azn_00209.jpg,retained,3
001_azn_00210.jpg,001_azn,0,Gulnar/random/1/Mekan_01,gulnar,avaz,val,1,False,001_azn_00210.jpg,retained,3
001_azn_00211.jpg,001_azn,0,Gulnar/random/1/Mekan_01,gulnar,avaz,val,1,False,001_azn_00211.jpg,retained,3
001_azn_00212.jpg,001_azn,0,Gulnar/random/1/Mekan_01,gulnar,avaz,val,1,False,001_azn_00212.jpg,retained,3
001_azn_00213.jpg,001_azn,0,Gulnar/random/1/Mekan_01,gulnar,avaz,val,1,False,001_azn_00213.jpg,retained,3
001_azn_00214.jpg,001_azn,0,Gulnar/random/1/Mekan_01,gulnar,avaz,val,1,False,001_azn_00214.jpg,retained,3
001_azn_00215.jpg,001_azn,0,Gulnar/random/1/Mekan_01,gulnar,avaz,val,1,False,001_azn_00215.jpg,retained,3
001_azn_00216.jpg,001_azn,0,Gulnar/random/1/Mekan_01,gulnar,avaz,val,1,False,001_azn_00216.jpg,retained,3
001_azn_00217.jpg,001_azn,0,Gulnar/random/1/Mekan_01,gulnar,avaz,val,1,False,001_azn_00217.jpg,retained,3
001_azn_00218.jpg,001_azn,0,Gulnar/random/1/Mekan_01,gulnar,avaz,val,1,False,001_azn_00218.jpg,retained,3
001_azn_00219.jpg,001_azn,0,Gulnar/random/1/Mekan_01,gulnar,avaz,val,1,False,001_azn_00219.jpg,retained,3
001_azn_00220.jpg,001_azn,0,Gulnar/random/1/Mekan_01,gulnar,avaz,pruned,1,True,001_azn_00219.jpg,near_duplicate_burst,-1
001_azn_00221.jpg,001_azn,0,Gulnar/random/1/Mekan_01,gulnar,avaz,val,1,False,001_azn_00221.jpg,retained,3
001_azn_00222.jpg,001_azn,0,Gulnar/random/1/Mekan_01,gulnar,avaz,pruned,2,True,001_azn_00229.jpg,near_duplicate_burst,-1
001_azn_00251.jpg,001_azn,0,Hasan/1manat/Mekan_02,hasan,avaz,train,1,False,001_azn_00251.jpg,retained,48
001_azn_00252.jpg,001_azn,0,Hasan/1manat/Mekan_02,hasan,avaz,train,1,False,001_azn_00252.jpg,retained,48
001_azn_00253.jpg,001_azn,0,Hasan/1manat/Mekan_02,hasan,avaz,train,1,False,001_azn_00253.jpg,retained,48
001_azn_00254.jpg,001_azn,0,Hasan/1manat/Mekan_02,hasan,avaz,train,1,False,001_azn_00254.jpg,retained,48
001_azn_00255.jpg,001_azn,0,Hasan/1manat/Mekan_02,hasan,avaz,train,1,False,001_azn_00255.jpg,retained,48
001_azn_00256.jpg,001_azn,0,Hasan/1manat/Mekan_02,hasan,avaz,train,1,False,001_azn_00256.jpg,retained,48
001_azn_00257.jpg,001_azn,0,Hasan/1manat/Mekan_02,hasan,avaz,train,1,False,001_azn_00257.jpg,retained,48
001_azn_00258.jpg,001_azn,0,Hasan/1manat/Mekan_02,hasan,avaz,train,1,False,001_azn_00258.jpg,retained,48
001_azn_00259.jpg,001_azn,0,Hasan/1manat/Mekan_02,hasan,avaz,train,1,False,001_azn_00259.jpg,retained,48
001_azn_00260.jpg,001_azn,0,Hasan/1manat/Mekan_02,hasan,avaz,train,1,False,001_azn_00260.jpg,retained,48
001_azn_00261.jpg,001_azn,0,Hasan/1manat/Mekan_02,hasan,avaz,train,1,False,001_azn_00261.jpg,retained,48
001_azn_00262.jpg,001_azn,0,Hasan/1manat/Mekan_02,hasan,avaz,train,1,False,001_azn_00262.jpg,retained,48
001_azn_00263.jpg,001_azn,0,Hasan/1manat/Mekan_02,hasan,avaz,train,1,False,001_azn_00263.jpg,retained,48
001_azn_00264.jpg,001_azn,0,Hasan/1manat/Mekan_02,hasan,avaz,train,1,False,001_azn_00264.jpg,retained,48
001_azn_00265.jpg,001_azn,0,Hasan/1manat/Mekan_02,hasan,avaz,train,1,False,001_azn_00265.jpg,retained,48
001_azn_00266.jpg,001_azn,0,Hasan/1manat/Mekan_02,hasan,avaz,train,1,False,001_azn_00266.jpg,retained,48
001_azn_00267.jpg,001_azn,0,Hasan/1manat/Mekan_02,hasan,avaz,train,1,False,001_azn_00267.jpg,retained,48
001_azn_00268.jpg,001_azn,0,Hasan/1manat/Mekan_02,hasan,avaz,train,1,False,001_azn_00268.jpg,retained,48
001_azn_00269.jpg,001_azn,0,Hasan/1manat/Mekan_02,hasan,avaz,train,1,False,001_azn_00269.jpg,retained,48
001_azn_00270.jpg,001_azn,0,Hasan/1manat/Mekan_02,hasan,avaz,train,1,False,001_azn_00270.jpg,retained,48
001_azn_00271.jpg,001_azn,0,Hasan/1manat/Mekan_02,hasan,avaz,train,1,False,001_azn_00271.jpg,retained,48
001_azn_00272.jpg,001_azn,0,Hasan/1manat/Mekan_02,hasan,avaz,train,1,False,001_azn_00272.jpg,retained,48
001_azn_00315.jpg,001_azn,0,Kazim/1azn/Mekan_01,kazim,avaz,train,1,False,001_azn_00315.jpg,retained,21
001_azn_00316.jpg,001_azn,0,Kazim/1azn/Mekan_01,kazim,avaz,train,1,False,001_azn_00316.jpg,retained,21
001_azn_00317.jpg,001_azn,0,Kazim/1azn/Mekan_01,kazim,avaz,train,1,False,001_azn_00317.jpg,retained,21
001_azn_00318.jpg,001_azn,0,Kazim/1azn/Mekan_01,kazim,avaz,train,1,False,001_azn_00318.jpg,retained,21
001_azn_00319.jpg,001_azn,0,Kazim/1azn/Mekan_01,kazim,avaz,train,1,False,001_azn_00319.jpg,retained,21
001_azn_00320.jpg,001_azn,0,Kazim/1azn/Mekan_01,kazim,avaz,train,1,False,001_azn_00320.jpg,retained,21
001_azn_00402.jpg,001_azn,0,Avaz1/1 azn,avaz1,avaz,train,1,False,001_azn_00402.jpg,retained,11
001_azn_00403.jpg,001_azn,0,Avaz1/1 azn,avaz1,avaz,train,1,False,001_azn_00403.jpg,retained,11
001_azn_00404.jpg,001_azn,0,Avaz1/1 azn,avaz1,avaz,train,1,False,001_azn_00404.jpg,retained,11
001_azn_00405.jpg,001_azn,0,Avaz1/1 azn,avaz1,avaz,train,1,False,001_azn_00405.jpg,retained,11
001_azn_00406.jpg,001_azn,0,Avaz1/1 azn,avaz1,avaz,train,1,False,001_azn_00406.jpg,retained,11
001_azn_00407.jpg,001_azn,0,Avaz1/1 azn,avaz1,avaz,train,1,False,001_azn_00407.jpg,retained,11
001_azn_00408.jpg,001_azn,0,Avaz1/1 azn,avaz1,avaz,train,1,False,001_azn_00408.jpg,retained,11
001_azn_00409.jpg,001_azn,0,Avaz1/1 azn,avaz1,avaz,train,1,False,001_azn_00409.jpg,retained,11
001_azn_00410.jpg,001_azn,0,Avaz1/1 azn,avaz1,avaz,train,1,False,001_azn_00410.jpg,retained,11
001_azn_00411.jpg,001_azn,0,Avaz1/1 azn,avaz1,avaz,train,1,False,001_azn_00411.jpg,retained,11
001_azn_00412.jpg,001_azn,0,Avaz1/1 azn,avaz1,avaz,train,1,False,001_azn_00412.jpg,retained,11
001_azn_00413.jpg,001_azn,0,Avaz1/1 azn,avaz1,avaz,train,1,False,001_azn_00413.jpg,retained,11
001_azn_00414.jpg,001_azn,0,Avaz1/1 azn,avaz1,avaz,train,1,False,001_azn_00414.jpg,retained,11
001_azn_00415.jpg,001_azn,0,Avaz1/1 azn,avaz1,avaz,train,1,False,001_azn_00415.jpg,retained,11
001_azn_00416.jpg,001_azn,0,Avaz1/1 azn,avaz1,avaz,train,1,False,001_azn_00416.jpg,retained,11
001_azn_00417.jpg,001_azn,0,Avaz1/1 azn,avaz1,avaz,train,1,False,001_azn_00417.jpg,retained,11
001_azn_00418.jpg,001_azn,0,Avaz1/1 azn,avaz1,avaz,train,1,False,001_azn_00418.jpg,retained,11
001_azn_00419.jpg,001_azn,0,Avaz1/1 azn,avaz1,avaz,train,1,False,001_azn_00419.jpg,retained,11
001_azn_00420.jpg,001_azn,0,Avaz1/1 azn,avaz1,avaz,train,1,False,001_azn_00420.jpg,retained,11
001_azn_00421.jpg,001_azn,0,Avaz1/1 azn,avaz1,avaz,train,1,False,001_azn_00421.jpg,retained,11
001_azn_00422.jpg,001_azn,0,Avaz1/1 azn,avaz1,avaz,train,1,False,001_azn_00422.jpg,retained,11
001_azn_00423.jpg,001_azn,0,Avaz1/1 azn,avaz1,avaz,train,1,False,001_azn_00423.jpg,retained,11
001_azn_00424.jpg,001_azn,0,Avaz1/1 azn,avaz1,avaz,train,1,False,001_azn_00424.jpg,retained,11
001_azn_00425.jpg,001_azn,0,Avaz1/1 azn,avaz1,avaz,train,1,False,001_azn_00425.jpg,retained,11
001_azn_00426.jpg,001_azn,0,Avaz1/1 azn,avaz1,avaz,train,1,False,001_azn_00426.jpg,retained,11
001_azn_00427.jpg,001_azn,0,Avaz1/1 azn,avaz1,avaz,pruned,0,True,,unannotated_empty_label,-1
001_azn_00428.jpg,001_azn,0,Avaz1/1 azn,avaz1,avaz,train,1,False,001_azn_00428.jpg,retained,11
001_azn_00429.jpg,001_azn,0,Avaz1/1 azn,avaz1,avaz,train,1,False,001_azn_00429.jpg,retained,11
001_azn_00430.jpg,001_azn,0,Avaz1/1 azn,avaz1,avaz,train,1,False,001_azn_00430.jpg,retained,11
001_azn_00431.jpg,001_azn,0,Avaz1/1 azn,avaz1,avaz,train,1,False,001_azn_00431.jpg,retained,11
001_azn_00432.jpg,001_azn,0,Avaz1/1 azn,avaz1,avaz,train,1,False,001_azn_00432.jpg,retained,11
001_azn_00433.jpg,001_azn,0,Avaz1/1 azn,avaz1,avaz,train,1,False,001_azn_00433.jpg,retained,11
001_azn_00434.jpg,001_azn,0,Avaz1/1 azn,avaz1,avaz,train,1,False,001_azn_00434.jpg,retained,11
001_azn_00435.jpg,001_azn,0,Avaz1/1 azn,avaz1,avaz,train,1,False,001_azn_00435.jpg,retained,11
001_azn_00436.jpg,001_azn,0,Avaz1/1 azn,avaz1,avaz,train,1,False,001_azn_00436.jpg,retained,11
001_azn_00437.jpg,001_azn,0,Avaz1/1 azn,avaz1,avaz,train,1,False,001_azn_00437.jpg,retained,11
001_azn_00438.jpg,001_azn,0,Avaz1/1 azn,avaz1,avaz,train,1,False,001_azn_00438.jpg,retained,11
001_azn_00439.jpg,001_azn,0,Avaz1/1 azn,avaz1,avaz,pruned,0,True,,unannotated_empty_label,-1
001_azn_00440.jpg,001_azn,0,Avaz1/1 azn,avaz1,avaz,train,1,False,001_azn_00440.jpg,retained,11
001_azn_00441.jpg,001_azn,0,Avaz1/1 azn,avaz1,avaz,train,1,False,001_azn_00441.jpg,retained,11
001_azn_00442.jpg,001_azn,0,Avaz1/1 azn,avaz1,avaz,train,1,False,001_azn_00442.jpg,retained,11
001_azn_00443.jpg,001_azn,0,Avaz1/1 azn,avaz1,avaz,train,1,False,001_azn_00443.jpg,retained,11
001_azn_00444.jpg,001_azn,0,Avaz1/1 azn,avaz1,avaz,train,1,False,001_azn_00444.jpg,retained,11
001_azn_00445.jpg,001_azn,0,Avaz1/1 azn,avaz1,avaz,train,1,False,001_azn_00445.jpg,retained,11
001_azn_00446.jpg,001_azn,0,Avaz1/1 azn,avaz1,avaz,train,1,False,001_azn_00446.jpg,retained,11
001_azn_00447.jpg,001_azn,0,Avaz1/1 azn,avaz1,avaz,train,1,False,001_azn_00447.jpg,retained,11
001_azn_00448.jpg,001_azn,0,Avaz1/1 azn,avaz1,avaz,train,1,False,001_azn_00448.jpg,retained,11
001_azn_00449.jpg,001_azn,0,Avaz1/1 azn,avaz1,avaz,train,1,False,001_azn_00449.jpg,retained,11
001_azn_00450.jpg,001_azn,0,Avaz1/1 azn,avaz1,avaz,train,1,False,001_azn_00450.jpg,retained,11
001_azn_00451.jpg,001_azn,0,Avaz1/1 azn,avaz1,avaz,train,1,False,001_azn_00451.jpg,retained,11
001_azn_00452.jpg,001_azn,0,Avaz1/1 azn,avaz1,avaz,train,1,False,001_azn_00452.jpg,retained,11
005_azn_00034.jpg,005_azn,1,Avaz1/5 manat/Mekan_01,avaz1,avaz,train,1,False,005_azn_00034.jpg,retained,0
005_azn_00035.jpg,005_azn,1,Avaz1/5 manat/Mekan_01,avaz1,avaz,train,1,False,005_azn_00035.jpg,retained,0
005_azn_00036.jpg,005_azn,1,Avaz1/5 manat/Mekan_01,avaz1,avaz,train,1,False,005_azn_00036.jpg,retained,0
005_azn_00037.jpg,005_azn,1,Avaz1/5 manat/Mekan_01,avaz1,avaz,train,1,False,005_azn_00037.jpg,retained,0
005_azn_00038.jpg,005_azn,1,Avaz1/5 manat/Mekan_01,avaz1,avaz,train,1,False,005_azn_00038.jpg,retained,0
005_azn_00039.jpg,005_azn,1,Avaz1/5 manat/Mekan_01,avaz1,avaz,train,1,False,005_azn_00039.jpg,retained,0
005_azn_00040.jpg,005_azn,1,Avaz1/5 manat/Mekan_01,avaz1,avaz,train,1,False,005_azn_00040.jpg,retained,0
005_azn_00041.jpg,005_azn,1,Avaz1/5 manat/Mekan_01,avaz1,avaz,train,1,False,005_azn_00041.jpg,retained,0
005_azn_00042.jpg,005_azn,1,Avaz1/5 manat/Mekan_01,avaz1,avaz,train,1,False,005_azn_00042.jpg,retained,0
005_azn_00043.jpg,005_azn,1,Avaz1/5 manat/Mekan_01,avaz1,avaz,train,1,False,005_azn_00043.jpg,retained,0
005_azn_00044.jpg,005_azn,1,Avaz1/5 manat/Mekan_01,avaz1,avaz,train,1,False,005_azn_00044.jpg,retained,0
005_azn_00045.jpg,005_azn,1,Avaz1/5 manat/Mekan_01,avaz1,avaz,train,1,False,005_azn_00045.jpg,retained,0
005_azn_00046.jpg,005_azn,1,Avaz1/5 manat/Mekan_01,avaz1,avaz,train,1,False,005_azn_00046.jpg,retained,0
005_azn_00047.jpg,005_azn,1,Avaz1/5 manat/Mekan_01,avaz1,avaz,train,1,False,005_azn_00047.jpg,retained,0
005_azn_00048.jpg,005_azn,1,Avaz1/5 manat/Mekan_01,avaz1,avaz,train,1,False,005_azn_00048.jpg,retained,0
005_azn_00049.jpg,005_azn,1,Avaz1/5 manat/Mekan_01,avaz1,avaz,train,1,False,005_azn_00049.jpg,retained,0
005_azn_00050.jpg,005_azn,1,Avaz1/5 manat/Mekan_01,avaz1,avaz,train,1,False,005_azn_00050.jpg,retained,0
005_azn_00051.jpg,005_azn,1,Avaz1/5 manat/Mekan_01,avaz1,avaz,train,1,False,005_azn_00051.jpg,retained,0
005_azn_00052.jpg,005_azn,1,Avaz1/5 manat/Mekan_01,avaz1,avaz,train,1,False,005_azn_00052.jpg,retained,0
005_azn_00053.jpg,005_azn,1,Avaz1/5 manat/Mekan_01,avaz1,avaz,train,1,False,005_azn_00053.jpg,retained,0
005_azn_00054.jpg,005_azn,1,Avaz1/5 manat/Mekan_01,avaz1,avaz,train,1,False,005_azn_00054.jpg,retained,0
005_azn_00055.jpg,005_azn,1,Avaz1/5 manat/Mekan_01,avaz1,avaz,train,1,False,005_azn_00055.jpg,retained,0
005_azn_00056.jpg,005_azn,1,Avaz1/5 manat/Mekan_01,avaz1,avaz,train,1,False,005_azn_00056.jpg,retained,0
005_azn_00057.jpg,005_azn,1,Avaz1/5 manat/Mekan_01,avaz1,avaz,train,1,False,005_azn_00057.jpg,retained,0
005_azn_00058.jpg,005_azn,1,Avaz1/5 manat/Mekan_01,avaz1,avaz,train,1,False,005_azn_00058.jpg,retained,0
005_azn_00059.jpg,005_azn,1,Avaz1/5 manat/Mekan_01,avaz1,avaz,train,1,False,005_azn_00059.jpg,retained,0
005_azn_00060.jpg,005_azn,1,Avaz1/5 manat/Mekan_01,avaz1,avaz,train,1,False,005_azn_00060.jpg,retained,0
005_azn_00061.jpg,005_azn,1,Avaz1/5 manat/Mekan_01,avaz1,avaz,train,1,False,005_azn_00061.jpg,retained,0
005_azn_00062.jpg,005_azn,1,Avaz1/5 manat/Mekan_01,avaz1,avaz,train,1,False,005_azn_00062.jpg,retained,0
005_azn_00063.jpg,005_azn,1,Avaz1/5 manat/Mekan_01,avaz1,avaz,train,1,False,005_azn_00063.jpg,retained,0
005_azn_00064.jpg,005_azn,1,Avaz1/5 manat/Mekan_01,avaz1,avaz,train,1,False,005_azn_00064.jpg,retained,0
005_azn_00065.jpg,005_azn,1,Avaz1/5 manat/Mekan_01,avaz1,avaz,train,1,False,005_azn_00065.jpg,retained,0
005_azn_00066.jpg,005_azn,1,Avaz1/5 manat/Mekan_02,avaz1,avaz,train,1,False,005_azn_00066.jpg,retained,2
005_azn_00067.jpg,005_azn,1,Avaz1/5 manat/Mekan_02,avaz1,avaz,train,1,False,005_azn_00067.jpg,retained,2
005_azn_00068.jpg,005_azn,1,Avaz1/5 manat/Mekan_02,avaz1,avaz,train,1,False,005_azn_00068.jpg,retained,2
005_azn_00069.jpg,005_azn,1,Avaz1/5 manat/Mekan_02,avaz1,avaz,train,1,False,005_azn_00069.jpg,retained,2
005_azn_00070.jpg,005_azn,1,Avaz1/5 manat/Mekan_02,avaz1,avaz,train,1,False,005_azn_00070.jpg,retained,2
005_azn_00071.jpg,005_azn,1,Avaz1/5 manat/Mekan_02,avaz1,avaz,train,1,False,005_azn_00071.jpg,retained,2
005_azn_00072.jpg,005_azn,1,Avaz1/5 manat/Mekan_02,avaz1,avaz,train,1,False,005_azn_00072.jpg,retained,2
005_azn_00073.jpg,005_azn,1,Avaz1/5 manat/Mekan_02,avaz1,avaz,train,1,False,005_azn_00073.jpg,retained,2
005_azn_00074.jpg,005_azn,1,Avaz1/5 manat/Mekan_02,avaz1,avaz,train,1,False,005_azn_00074.jpg,retained,2
005_azn_00075.jpg,005_azn,1,Avaz1/5 manat/Mekan_02,avaz1,avaz,train,1,False,005_azn_00075.jpg,retained,2
005_azn_00076.jpg,005_azn,1,Avaz1/5 manat/Mekan_02,avaz1,avaz,train,1,False,005_azn_00076.jpg,retained,2
005_azn_00077.jpg,005_azn,1,Avaz1/5 manat/Mekan_02,avaz1,avaz,train,1,False,005_azn_00077.jpg,retained,2
005_azn_00078.jpg,005_azn,1,Avaz1/5 manat/Mekan_02,avaz1,avaz,train,1,False,005_azn_00078.jpg,retained,2
005_azn_00079.jpg,005_azn,1,Avaz1/5 manat/Mekan_02,avaz1,avaz,train,1,False,005_azn_00079.jpg,retained,2
005_azn_00080.jpg,005_azn,1,Avaz1/5 manat/Mekan_02,avaz1,avaz,train,1,False,005_azn_00080.jpg,retained,2
005_azn_00081.jpg,005_azn,1,Avaz1/5 manat/Mekan_02,avaz1,avaz,train,1,False,005_azn_00081.jpg,retained,2
005_azn_00082.jpg,005_azn,1,Avaz1/5 manat/Mekan_02,avaz1,avaz,train,1,False,005_azn_00082.jpg,retained,2
005_azn_00083.jpg,005_azn,1,Avaz1/5 manat/Mekan_02,avaz1,avaz,train,1,False,005_azn_00083.jpg,retained,2
005_azn_00084.jpg,005_azn,1,Avaz1/5 manat/Mekan_02,avaz1,avaz,train,1,False,005_azn_00084.jpg,retained,2
005_azn_00085.jpg,005_azn,1,Avaz1/5 manat/Mekan_02,avaz1,avaz,train,1,False,005_azn_00085.jpg,retained,2
005_azn_00086.jpg,005_azn,1,Avaz1/5 manat/Mekan_02,avaz1,avaz,train,1,False,005_azn_00086.jpg,retained,2
005_azn_00087.jpg,005_azn,1,Avaz1/5 manat/Mekan_02,avaz1,avaz,train,1,False,005_azn_00087.jpg,retained,2
005_azn_00088.jpg,005_azn,1,Avaz1/5 manat/Mekan_02,avaz1,avaz,train,1,False,005_azn_00088.jpg,retained,2
005_azn_00089.jpg,005_azn,1,Avaz1/5 manat/Mekan_02,avaz1,avaz,train,1,False,005_azn_00089.jpg,retained,2
005_azn_00090.jpg,005_azn,1,Avaz1/5 manat/Mekan_02,avaz1,avaz,train,1,False,005_azn_00090.jpg,retained,2
005_azn_00091.jpg,005_azn,1,Avaz1/5 manat/Mekan_02,avaz1,avaz,train,1,False,005_azn_00091.jpg,retained,2
005_azn_00092.jpg,005_azn,1,Avaz1/5 manat/Mekan_02,avaz1,avaz,train,1,False,005_azn_00092.jpg,retained,2
005_azn_00093.jpg,005_azn,1,Avaz1/5 manat/Mekan_02,avaz1,avaz,train,1,False,005_azn_00093.jpg,retained,2
005_azn_00094.jpg,005_azn,1,Avaz1/5 manat/Mekan_02,avaz1,avaz,train,1,False,005_azn_00094.jpg,retained,2
005_azn_00095.jpg,005_azn,1,Avaz1/5 manat/Mekan_02,avaz1,avaz,train,1,False,005_azn_00095.jpg,retained,2
005_azn_00134.jpg,005_azn,1,Avaz1/5 manat/Mekan_04,avaz1,avaz,train,1,False,005_azn_00134.jpg,retained,23
005_azn_00135.jpg,005_azn,1,Avaz1/5 manat/Mekan_04,avaz1,avaz,train,1,False,005_azn_00135.jpg,retained,23
005_azn_00136.jpg,005_azn,1,Avaz1/5 manat/Mekan_04,avaz1,avaz,train,1,False,005_azn_00136.jpg,retained,23
005_azn_00137.jpg,005_azn,1,Avaz1/5 manat/Mekan_04,avaz1,avaz,train,1,False,005_azn_00137.jpg,retained,23
005_azn_00138.jpg,005_azn,1,Avaz1/5 manat/Mekan_04,avaz1,avaz,train,1,False,005_azn_00138.jpg,retained,23
005_azn_00139.jpg,005_azn,1,Avaz1/5 manat/Mekan_04,avaz1,avaz,train,1,False,005_azn_00139.jpg,retained,23
005_azn_00140.jpg,005_azn,1,Avaz1/5 manat/Mekan_04,avaz1,avaz,train,1,False,005_azn_00140.jpg,retained,23
005_azn_00141.jpg,005_azn,1,Avaz1/5 manat/Mekan_04,avaz1,avaz,train,1,False,005_azn_00141.jpg,retained,23
005_azn_00142.jpg,005_azn,1,Avaz1/5 manat/Mekan_04,avaz1,avaz,train,1,False,005_azn_00142.jpg,retained,23
005_azn_00143.jpg,005_azn,1,Avaz1/5 manat/Mekan_04,avaz1,avaz,train,1,False,005_azn_00143.jpg,retained,23
005_azn_00214.jpg,005_azn,1,Gulnar/random/5/Mekan_02,gulnar,avaz,val,1,False,005_azn_00214.jpg,retained,9
005_azn_00215.jpg,005_azn,1,Gulnar/random/5/Mekan_02,gulnar,avaz,val,1,False,005_azn_00215.jpg,retained,9
005_azn_00216.jpg,005_azn,1,Gulnar/random/5/Mekan_02,gulnar,avaz,val,1,False,005_azn_00216.jpg,retained,9
005_azn_00217.jpg,005_azn,1,Gulnar/random/5/Mekan_02,gulnar,avaz,val,1,False,005_azn_00217.jpg,retained,9
005_azn_00218.jpg,005_azn,1,Gulnar/random/5/Mekan_02,gulnar,avaz,val,1,False,005_azn_00218.jpg,retained,9
010_azn_00034.jpg,010_azn,2,Avaz1/10/Mekan_01,avaz1,avaz,train,1,False,010_azn_00034.jpg,retained,0
010_azn_00035.jpg,010_azn,2,Avaz1/10/Mekan_01,avaz1,avaz,train,1,False,010_azn_00035.jpg,retained,0
010_azn_00036.jpg,010_azn,2,Avaz1/10/Mekan_01,avaz1,avaz,train,1,False,010_azn_00036.jpg,retained,0
010_azn_00037.jpg,010_azn,2,Avaz1/10/Mekan_01,avaz1,avaz,train,1,False,010_azn_00037.jpg,retained,0
010_azn_00038.jpg,010_azn,2,Avaz1/10/Mekan_01,avaz1,avaz,train,1,False,010_azn_00038.jpg,retained,0
010_azn_00039.jpg,010_azn,2,Avaz1/10/Mekan_01,avaz1,avaz,train,1,False,010_azn_00039.jpg,retained,0
010_azn_00040.jpg,010_azn,2,Avaz1/10/Mekan_01,avaz1,avaz,train,1,False,010_azn_00040.jpg,retained,0
010_azn_00041.jpg,010_azn,2,Avaz1/10/Mekan_01,avaz1,avaz,train,1,False,010_azn_00041.jpg,retained,0
010_azn_00042.jpg,010_azn,2,Avaz1/10/Mekan_01,avaz1,avaz,train,1,False,010_azn_00042.jpg,retained,0
010_azn_00043.jpg,010_azn,2,Avaz1/10/Mekan_01,avaz1,avaz,train,1,False,010_azn_00043.jpg,retained,0
010_azn_00044.jpg,010_azn,2,Avaz1/10/Mekan_01,avaz1,avaz,train,1,False,010_azn_00044.jpg,retained,0
010_azn_00045.jpg,010_azn,2,Avaz1/10/Mekan_01,avaz1,avaz,train,1,False,010_azn_00045.jpg,retained,0
010_azn_00046.jpg,010_azn,2,Avaz1/10/Mekan_01,avaz1,avaz,train,1,False,010_azn_00046.jpg,retained,0
010_azn_00047.jpg,010_azn,2,Avaz1/10/Mekan_01,avaz1,avaz,train,1,False,010_azn_00047.jpg,retained,0
010_azn_00048.jpg,010_azn,2,Avaz1/10/Mekan_01,avaz1,avaz,train,1,False,010_azn_00048.jpg,retained,0
010_azn_00049.jpg,010_azn,2,Avaz1/10/Mekan_01,avaz1,avaz,train,1,False,010_azn_00049.jpg,retained,0
010_azn_00050.jpg,010_azn,2,Avaz1/10/Mekan_01,avaz1,avaz,train,1,False,010_azn_00050.jpg,retained,0
010_azn_00051.jpg,010_azn,2,Avaz1/10/Mekan_01,avaz1,avaz,train,1,False,010_azn_00051.jpg,retained,0
010_azn_00052.jpg,010_azn,2,Avaz1/10/Mekan_01,avaz1,avaz,train,1,False,010_azn_00052.jpg,retained,0
010_azn_00053.jpg,010_azn,2,Avaz1/10/Mekan_01,avaz1,avaz,train,1,False,010_azn_00053.jpg,retained,0
010_azn_00054.jpg,010_azn,2,Avaz1/10/Mekan_01,avaz1,avaz,train,1,False,010_azn_00054.jpg,retained,0
010_azn_00055.jpg,010_azn,2,Avaz1/10/Mekan_01,avaz1,avaz,train,1,False,010_azn_00055.jpg,retained,0
010_azn_00056.jpg,010_azn,2,Avaz1/10/Mekan_01,avaz1,avaz,train,1,False,010_azn_00056.jpg,retained,0
010_azn_00057.jpg,010_azn,2,Avaz1/10/Mekan_01,avaz1,avaz,train,1,False,010_azn_00057.jpg,retained,0
010_azn_00058.jpg,010_azn,2,Avaz1/10/Mekan_01,avaz1,avaz,train,1,False,010_azn_00058.jpg,retained,0
010_azn_00059.jpg,010_azn,2,Avaz1/10/Mekan_01,avaz1,avaz,pruned,0,True,,unannotated_empty_label,-1
010_azn_00060.jpg,010_azn,2,Avaz1/10/Mekan_01,avaz1,avaz,train,1,False,010_azn_00060.jpg,retained,0
010_azn_00061.jpg,010_azn,2,Avaz1/10/Mekan_01,avaz1,avaz,train,1,False,010_azn_00061.jpg,retained,0
010_azn_00062.jpg,010_azn,2,Avaz1/10/Mekan_01,avaz1,avaz,train,1,False,010_azn_00062.jpg,retained,0
010_azn_00063.jpg,010_azn,2,Avaz1/10/Mekan_01,avaz1,avaz,train,1,False,010_azn_00063.jpg,retained,0
010_azn_00064.jpg,010_azn,2,Avaz1/10/Mekan_01,avaz1,avaz,train,1,False,010_azn_00064.jpg,retained,0
010_azn_00065.jpg,010_azn,2,Avaz1/10/Mekan_01,avaz1,avaz,train,1,False,010_azn_00065.jpg,retained,0
010_azn_00066.jpg,010_azn,2,Avaz1/10/Mekan_02,avaz1,avaz,train,1,False,010_azn_00066.jpg,retained,2
010_azn_00067.jpg,010_azn,2,Avaz1/10/Mekan_02,avaz1,avaz,train,1,False,010_azn_00067.jpg,retained,2
010_azn_00068.jpg,010_azn,2,Avaz1/10/Mekan_02,avaz1,avaz,train,1,False,010_azn_00068.jpg,retained,2
010_azn_00069.jpg,010_azn,2,Avaz1/10/Mekan_02,avaz1,avaz,train,1,False,010_azn_00069.jpg,retained,2
010_azn_00070.jpg,010_azn,2,Avaz1/10/Mekan_02,avaz1,avaz,train,1,False,010_azn_00070.jpg,retained,2
010_azn_00071.jpg,010_azn,2,Avaz1/10/Mekan_02,avaz1,avaz,train,1,False,010_azn_00071.jpg,retained,2
010_azn_00072.jpg,010_azn,2,Avaz1/10/Mekan_02,avaz1,avaz,train,1,False,010_azn_00072.jpg,retained,2
010_azn_00073.jpg,010_azn,2,Avaz1/10/Mekan_02,avaz1,avaz,train,1,False,010_azn_00073.jpg,retained,2
010_azn_00074.jpg,010_azn,2,Avaz1/10/Mekan_02,avaz1,avaz,train,1,False,010_azn_00074.jpg,retained,2
010_azn_00075.jpg,010_azn,2,Avaz1/10/Mekan_02,avaz1,avaz,train,1,False,010_azn_00075.jpg,retained,2
010_azn_00076.jpg,010_azn,2,Avaz1/10/Mekan_02,avaz1,avaz,train,1,False,010_azn_00076.jpg,retained,2
010_azn_00077.jpg,010_azn,2,Avaz1/10/Mekan_02,avaz1,avaz,train,1,False,010_azn_00077.jpg,retained,2
010_azn_00078.jpg,010_azn,2,Avaz1/10/Mekan_02,avaz1,avaz,train,1,False,010_azn_00078.jpg,retained,2
010_azn_00079.jpg,010_azn,2,Avaz1/10/Mekan_02,avaz1,avaz,train,1,False,010_azn_00079.jpg,retained,2
010_azn_00080.jpg,010_azn,2,Avaz1/10/Mekan_02,avaz1,avaz,train,1,False,010_azn_00080.jpg,retained,2
010_azn_00081.jpg,010_azn,2,Avaz1/10/Mekan_02,avaz1,avaz,train,1,False,010_azn_00081.jpg,retained,2
010_azn_00082.jpg,010_azn,2,Avaz1/10/Mekan_02,avaz1,avaz,train,1,False,010_azn_00082.jpg,retained,2
010_azn_00083.jpg,010_azn,2,Avaz1/10/Mekan_02,avaz1,avaz,train,1,False,010_azn_00083.jpg,retained,2
010_azn_00084.jpg,010_azn,2,Avaz1/10/Mekan_02,avaz1,avaz,train,1,False,010_azn_00084.jpg,retained,2
010_azn_00085.jpg,010_azn,2,Avaz1/10/Mekan_02,avaz1,avaz,train,1,False,010_azn_00085.jpg,retained,2
010_azn_00086.jpg,010_azn,2,Avaz1/10/Mekan_02,avaz1,avaz,train,1,False,010_azn_00086.jpg,retained,2
010_azn_00087.jpg,010_azn,2,Avaz1/10/Mekan_02,avaz1,avaz,train,1,False,010_azn_00087.jpg,retained,2
010_azn_00088.jpg,010_azn,2,Avaz1/10/Mekan_02,avaz1,avaz,train,1,False,010_azn_00088.jpg,retained,2
010_azn_00089.jpg,010_azn,2,Avaz1/10/Mekan_02,avaz1,avaz,train,1,False,010_azn_00089.jpg,retained,2
010_azn_00090.jpg,010_azn,2,Avaz1/10/Mekan_02,avaz1,avaz,train,1,False,010_azn_00090.jpg,retained,2
010_azn_00091.jpg,010_azn,2,Avaz1/10/Mekan_02,avaz1,avaz,train,1,False,010_azn_00091.jpg,retained,2
010_azn_00092.jpg,010_azn,2,Avaz1/10/Mekan_02,avaz1,avaz,train,1,False,010_azn_00092.jpg,retained,2
010_azn_00133.jpg,010_azn,2,Avaz1/10/Mekan_05,avaz1,avaz,test,1,False,010_azn_00133.jpg,retained,49
010_azn_00134.jpg,010_azn,2,Avaz1/10/Mekan_05,avaz1,avaz,test,1,False,010_azn_00134.jpg,retained,49
010_azn_00135.jpg,010_azn,2,Avaz1/10/Mekan_05,avaz1,avaz,test,1,False,010_azn_00135.jpg,retained,49
010_azn_00136.jpg,010_azn,2,Avaz1/10/Mekan_05,avaz1,avaz,test,1,False,010_azn_00136.jpg,retained,49
010_azn_00137.jpg,010_azn,2,Avaz1/10/Mekan_05,avaz1,avaz,test,1,False,010_azn_00137.jpg,retained,49
010_azn_00138.jpg,010_azn,2,Avaz1/10/Mekan_05,avaz1,avaz,test,1,False,010_azn_00138.jpg,retained,49
010_azn_00139.jpg,010_azn,2,Avaz1/10/Mekan_05,avaz1,avaz,pruned,0,True,,unannotated_empty_label,-1
010_azn_00140.jpg,010_azn,2,Avaz1/10/Mekan_05,avaz1,avaz,test,1,False,010_azn_00140.jpg,retained,49
010_azn_00141.jpg,010_azn,2,Avaz1/10/Mekan_05,avaz1,avaz,test,1,False,010_azn_00141.jpg,retained,49
010_azn_00142.jpg,010_azn,2,Avaz1/10/Mekan_05,avaz1,avaz,pruned,0,True,,unannotated_empty_label,-1
010_azn_00143.jpg,010_azn,2,Avaz1/10/Mekan_05,avaz1,avaz,test,1,False,010_azn_00143.jpg,retained,49
010_azn_00144.jpg,010_azn,2,Avaz1/10/Mekan_05,avaz1,avaz,test,1,False,010_azn_00144.jpg,retained,49
010_azn_00145.jpg,010_azn,2,Avaz1/10/Mekan_05,avaz1,avaz,test,1,False,010_azn_00145.jpg,retained,49
010_azn_00146.jpg,010_azn,2,Avaz1/10/Mekan_05,avaz1,avaz,test,1,False,010_azn_00146.jpg,retained,49
010_azn_00147.jpg,010_azn,2,Avaz1/10/Mekan_05,avaz1,avaz,test,1,False,010_azn_00147.jpg,retained,49
010_azn_00148.jpg,010_azn,2,Avaz1/10/Mekan_05,avaz1,avaz,test,1,False,010_azn_00148.jpg,retained,49
010_azn_00149.jpg,010_azn,2,Avaz1/10/Mekan_05,avaz1,avaz,test,1,False,010_azn_00149.jpg,retained,49
010_azn_00150.jpg,010_azn,2,Avaz1/10/Mekan_05,avaz1,avaz,test,1,False,010_azn_00150.jpg,retained,49
010_azn_00151.jpg,010_azn,2,Avaz1/10/Mekan_05,avaz1,avaz,test,1,False,010_azn_00151.jpg,retained,49
010_azn_00152.jpg,010_azn,2,Avaz1/10/Mekan_05,avaz1,avaz,pruned,0,True,,unannotated_empty_label,-1
010_azn_00279.jpg,010_azn,2,Hasan/10manat/Mekan_01,hasan,avaz,train,1,False,010_azn_00279.jpg,retained,4
010_azn_00280.jpg,010_azn,2,Hasan/10manat/Mekan_01,hasan,avaz,train,1,False,010_azn_00280.jpg,retained,4
010_azn_00281.jpg,010_azn,2,Hasan/10manat/Mekan_01,hasan,avaz,train,1,False,010_azn_00281.jpg,retained,4
010_azn_00282.jpg,010_azn,2,Hasan/10manat/Mekan_01,hasan,avaz,train,1,False,010_azn_00282.jpg,retained,4
010_azn_00283.jpg,010_azn,2,Hasan/10manat/Mekan_01,hasan,avaz,train,1,False,010_azn_00283.jpg,retained,4
010_azn_00284.jpg,010_azn,2,Hasan/10manat/Mekan_01,hasan,avaz,train,1,False,010_azn_00284.jpg,retained,4
010_azn_00285.jpg,010_azn,2,Hasan/10manat/Mekan_01,hasan,avaz,train,1,False,010_azn_00285.jpg,retained,4
010_azn_00286.jpg,010_azn,2,Hasan/10manat/Mekan_01,hasan,avaz,train,1,False,010_azn_00286.jpg,retained,4
010_azn_00287.jpg,010_azn,2,Hasan/10manat/Mekan_01,hasan,avaz,train,1,False,010_azn_00287.jpg,retained,4
010_azn_00288.jpg,010_azn,2,Hasan/10manat/Mekan_01,hasan,avaz,train,1,False,010_azn_00288.jpg,retained,4
010_azn_00289.jpg,010_azn,2,Hasan/10manat/Mekan_01,hasan,avaz,train,1,False,010_azn_00289.jpg,retained,4
010_azn_00290.jpg,010_azn,2,Hasan/10manat/Mekan_01,hasan,avaz,train,1,False,010_azn_00290.jpg,retained,4
010_azn_00291.jpg,010_azn,2,Hasan/10manat/Mekan_01,hasan,avaz,train,1,False,010_azn_00291.jpg,retained,4
010_azn_00292.jpg,010_azn,2,Hasan/10manat/Mekan_01,hasan,avaz,train,1,False,010_azn_00292.jpg,retained,4
010_azn_00293.jpg,010_azn,2,Hasan/10manat/Mekan_01,hasan,avaz,train,1,False,010_azn_00293.jpg,retained,4
010_azn_00294.jpg,010_azn,2,Hasan/10manat/Mekan_01,hasan,avaz,train,1,False,010_azn_00294.jpg,retained,4
010_azn_00295.jpg,010_azn,2,Hasan/10manat/Mekan_01,hasan,avaz,pruned,1,True,010_azn_00294.jpg,near_duplicate_burst,-1
010_azn_00296.jpg,010_azn,2,Hasan/10manat/Mekan_01,hasan,avaz,train,1,False,010_azn_00296.jpg,retained,4
010_azn_00297.jpg,010_azn,2,Hasan/10manat/Mekan_01,hasan,avaz,train,1,False,010_azn_00297.jpg,retained,4
010_azn_00298.jpg,010_azn,2,Hasan/10manat/Mekan_01,hasan,avaz,train,1,False,010_azn_00298.jpg,retained,4
010_azn_00299.jpg,010_azn,2,Hasan/10manat/Mekan_01,hasan,avaz,train,1,False,010_azn_00299.jpg,retained,4
010_azn_00300.jpg,010_azn,2,Hasan/10manat/Mekan_01,hasan,avaz,train,1,False,010_azn_00300.jpg,retained,4
010_azn_00301.jpg,010_azn,2,Hasan/10manat/Mekan_01,hasan,avaz,train,1,False,010_azn_00301.jpg,retained,4
010_azn_00302.jpg,010_azn,2,Hasan/10manat/Mekan_01,hasan,avaz,train,1,False,010_azn_00302.jpg,retained,4
010_azn_00303.jpg,010_azn,2,Hasan/10manat/Mekan_01,hasan,avaz,train,1,False,010_azn_00303.jpg,retained,4
010_azn_00304.jpg,010_azn,2,Hasan/10manat/Mekan_01,hasan,avaz,train,1,False,010_azn_00304.jpg,retained,4
010_azn_00305.jpg,010_azn,2,Hasan/10manat/Mekan_01,hasan,avaz,train,1,False,010_azn_00305.jpg,retained,4
010_azn_00306.jpg,010_azn,2,Hasan/10manat/Mekan_01,hasan,avaz,train,1,False,010_azn_00306.jpg,retained,4
010_azn_00307.jpg,010_azn,2,Hasan/10manat/Mekan_01,hasan,avaz,train,1,False,010_azn_00307.jpg,retained,4
010_azn_00308.jpg,010_azn,2,Hasan/10manat/Mekan_01,hasan,avaz,train,1,False,010_azn_00308.jpg,retained,4
010_azn_00309.jpg,010_azn,2,Hasan/10manat/Mekan_01,hasan,avaz,train,1,False,010_azn_00309.jpg,retained,4
010_azn_00310.jpg,010_azn,2,Hasan/10manat/Mekan_01,hasan,avaz,train,1,False,010_azn_00310.jpg,retained,4
010_azn_00311.jpg,010_azn,2,Hasan/10manat/Mekan_01,hasan,avaz,train,1,False,010_azn_00311.jpg,retained,4
010_azn_00312.jpg,010_azn,2,Hasan/10manat/Mekan_01,hasan,avaz,train,1,False,010_azn_00312.jpg,retained,4
010_azn_00313.jpg,010_azn,2,Hasan/10manat/Mekan_01,hasan,avaz,train,1,False,010_azn_00313.jpg,retained,4
010_azn_00314.jpg,010_azn,2,Hasan/10manat/Mekan_01,hasan,avaz,train,1,False,010_azn_00314.jpg,retained,4
010_azn_00315.jpg,010_azn,2,Hasan/10manat/Mekan_01,hasan,avaz,train,1,False,010_azn_00315.jpg,retained,4
010_azn_00316.jpg,010_azn,2,Hasan/10manat/Mekan_01,hasan,avaz,train,1,False,010_azn_00316.jpg,retained,4
010_azn_00317.jpg,010_azn,2,Hasan/10manat/Mekan_01,hasan,avaz,train,1,False,010_azn_00317.jpg,retained,4
010_azn_00364.jpg,010_azn,2,Kazim/10azn/Mekan_03,kazim,avaz,test,1,False,010_azn_00364.jpg,retained,20
010_azn_00365.jpg,010_azn,2,Kazim/10azn/Mekan_03,kazim,avaz,test,1,False,010_azn_00365.jpg,retained,20
010_azn_00366.jpg,010_azn,2,Kazim/10azn/Mekan_03,kazim,avaz,test,1,False,010_azn_00366.jpg,retained,20
010_azn_00367.jpg,010_azn,2,Kazim/10azn/Mekan_03,kazim,avaz,test,1,False,010_azn_00367.jpg,retained,20
010_azn_00368.jpg,010_azn,2,Kazim/10azn/Mekan_03,kazim,avaz,test,1,False,010_azn_00368.jpg,retained,20
010_azn_00369.jpg,010_azn,2,Kazim/10azn/Mekan_03,kazim,avaz,test,1,False,010_azn_00369.jpg,retained,20
010_azn_00370.jpg,010_azn,2,Kazim/10azn/Mekan_03,kazim,avaz,test,1,False,010_azn_00370.jpg,retained,20
010_azn_00371.jpg,010_azn,2,Kazim/10azn/Mekan_03,kazim,avaz,test,1,False,010_azn_00371.jpg,retained,20
010_azn_00372.jpg,010_azn,2,Kazim/10azn/Mekan_03,kazim,avaz,test,1,False,010_azn_00372.jpg,retained,20
010_azn_00373.jpg,010_azn,2,Kazim/10azn/Mekan_03,kazim,avaz,test,1,False,010_azn_00373.jpg,retained,20
020_azn_00157.jpg,020_azn,3,Hasan/20manat/Mekan_02,hasan,avaz,train,1,False,020_azn_00157.jpg,retained,37
020_azn_00158.jpg,020_azn,3,Hasan/20manat/Mekan_02,hasan,avaz,train,1,False,020_azn_00158.jpg,retained,37
020_azn_00159.jpg,020_azn,3,Hasan/20manat/Mekan_02,hasan,avaz,train,1,False,020_azn_00159.jpg,retained,37
020_azn_00160.jpg,020_azn,3,Hasan/20manat/Mekan_02,hasan,avaz,train,1,False,020_azn_00160.jpg,retained,37
020_azn_00161.jpg,020_azn,3,Hasan/20manat/Mekan_02,hasan,avaz,train,1,False,020_azn_00161.jpg,retained,37
020_azn_00162.jpg,020_azn,3,Hasan/20manat/Mekan_02,hasan,avaz,train,1,False,020_azn_00162.jpg,retained,37
020_azn_00163.jpg,020_azn,3,Hasan/20manat/Mekan_02,hasan,avaz,train,1,False,020_azn_00163.jpg,retained,37
020_azn_00164.jpg,020_azn,3,Hasan/20manat/Mekan_02,hasan,avaz,train,1,False,020_azn_00164.jpg,retained,37
020_azn_00165.jpg,020_azn,3,Hasan/20manat/Mekan_02,hasan,avaz,train,1,False,020_azn_00165.jpg,retained,37
020_azn_00166.jpg,020_azn,3,Hasan/20manat/Mekan_02,hasan,avaz,train,1,False,020_azn_00166.jpg,retained,37
020_azn_00167.jpg,020_azn,3,Hasan/20manat/Mekan_02,hasan,avaz,train,1,False,020_azn_00167.jpg,retained,37
020_azn_00168.jpg,020_azn,3,Hasan/20manat/Mekan_02,hasan,avaz,train,1,False,020_azn_00168.jpg,retained,37
020_azn_00169.jpg,020_azn,3,Hasan/20manat/Mekan_02,hasan,avaz,train,1,False,020_azn_00169.jpg,retained,37
020_azn_00170.jpg,020_azn,3,Hasan/20manat/Mekan_02,hasan,avaz,train,1,False,020_azn_00170.jpg,retained,37
020_azn_00171.jpg,020_azn,3,Hasan/20manat/Mekan_02,hasan,avaz,train,1,False,020_azn_00171.jpg,retained,37
020_azn_00172.jpg,020_azn,3,Hasan/20manat/Mekan_02,hasan,avaz,train,1,False,020_azn_00172.jpg,retained,37
020_azn_00173.jpg,020_azn,3,Hasan/20manat/Mekan_02,hasan,avaz,train,1,False,020_azn_00173.jpg,retained,37
020_azn_00174.jpg,020_azn,3,Hasan/20manat/Mekan_02,hasan,avaz,train,1,False,020_azn_00174.jpg,retained,37
020_azn_00175.jpg,020_azn,3,Hasan/20manat/Mekan_02,hasan,avaz,train,1,False,020_azn_00175.jpg,retained,37
020_azn_00176.jpg,020_azn,3,Hasan/20manat/Mekan_02,hasan,avaz,train,1,False,020_azn_00176.jpg,retained,37
020_azn_00177.jpg,020_azn,3,Hasan/20manat/Mekan_02,hasan,avaz,train,1,False,020_azn_00177.jpg,retained,37
020_azn_00178.jpg,020_azn,3,Hasan/20manat/Mekan_02,hasan,avaz,train,1,False,020_azn_00178.jpg,retained,37
020_azn_00179.jpg,020_azn,3,Hasan/20manat/Mekan_02,hasan,avaz,train,1,False,020_azn_00179.jpg,retained,37
020_azn_00180.jpg,020_azn,3,Hasan/20manat/Mekan_02,hasan,avaz,train,1,False,020_azn_00180.jpg,retained,37
020_azn_00181.jpg,020_azn,3,Hasan/20manat/Mekan_02,hasan,avaz,train,1,False,020_azn_00181.jpg,retained,37
020_azn_00182.jpg,020_azn,3,Hasan/20manat/Mekan_02,hasan,avaz,train,1,False,020_azn_00182.jpg,retained,37
020_azn_00183.jpg,020_azn,3,Hasan/20manat/Mekan_02,hasan,avaz,train,1,False,020_azn_00183.jpg,retained,37
020_azn_00184.jpg,020_azn,3,Hasan/20manat/Mekan_02,hasan,avaz,train,1,False,020_azn_00184.jpg,retained,37
020_azn_00185.jpg,020_azn,3,Hasan/20manat/Mekan_02,hasan,avaz,train,1,False,020_azn_00185.jpg,retained,37
020_azn_00186.jpg,020_azn,3,Hasan/20manat/Mekan_02,hasan,avaz,train,1,False,020_azn_00186.jpg,retained,37
020_azn_00187.jpg,020_azn,3,Hasan/20manat/Mekan_02,hasan,avaz,train,1,False,020_azn_00187.jpg,retained,37
020_azn_00188.jpg,020_azn,3,Hasan/20manat/Mekan_02,hasan,avaz,train,1,False,020_azn_00188.jpg,retained,37
020_azn_00189.jpg,020_azn,3,Hasan/20manat/Mekan_02,hasan,avaz,train,1,False,020_azn_00189.jpg,retained,37
020_azn_00190.jpg,020_azn,3,Hasan/20manat/Mekan_02,hasan,avaz,train,1,False,020_azn_00190.jpg,retained,37
020_azn_00191.jpg,020_azn,3,Hasan/20manat/Mekan_02,hasan,avaz,train,1,False,020_azn_00191.jpg,retained,37
020_azn_00192.jpg,020_azn,3,Hasan/20manat/Mekan_02,hasan,avaz,train,1,False,020_azn_00192.jpg,retained,37
020_azn_00193.jpg,020_azn,3,Hasan/20manat/Mekan_02,hasan,avaz,train,1,False,020_azn_00193.jpg,retained,37
020_azn_00194.jpg,020_azn,3,Hasan/20manat/Mekan_02,hasan,avaz,train,1,False,020_azn_00194.jpg,retained,37
020_azn_00195.jpg,020_azn,3,Hasan/20manat/Mekan_02,hasan,avaz,train,1,False,020_azn_00195.jpg,retained,37
020_azn_00196.jpg,020_azn,3,Hasan/20manat/Mekan_02,hasan,avaz,train,1,False,020_azn_00196.jpg,retained,37
020_azn_00197.jpg,020_azn,3,Hasan/20manat/Mekan_02,hasan,avaz,train,1,False,020_azn_00197.jpg,retained,37
020_azn_00198.jpg,020_azn,3,Hasan/20manat/Mekan_02,hasan,avaz,train,1,False,020_azn_00198.jpg,retained,37
020_azn_00199.jpg,020_azn,3,Hasan/20manat/Mekan_02,hasan,avaz,train,1,False,020_azn_00199.jpg,retained,37
020_azn_00200.jpg,020_azn,3,Hasan/20manat/Mekan_02,hasan,avaz,train,1,False,020_azn_00200.jpg,retained,37
020_azn_00201.jpg,020_azn,3,Hasan/20manat/Mekan_02,hasan,avaz,train,1,False,020_azn_00201.jpg,retained,37
020_azn_00202.jpg,020_azn,3,Hasan/20manat/Mekan_02,hasan,avaz,train,1,False,020_azn_00202.jpg,retained,37
020_azn_00203.jpg,020_azn,3,Hasan/20manat/Mekan_02,hasan,avaz,train,1,False,020_azn_00203.jpg,retained,37
020_azn_00204.jpg,020_azn,3,Hasan/20manat/Mekan_02,hasan,avaz,train,1,False,020_azn_00204.jpg,retained,37
020_azn_00205.jpg,020_azn,3,Hasan/20manat/Mekan_02,hasan,avaz,train,1,False,020_azn_00205.jpg,retained,37
020_azn_00206.jpg,020_azn,3,Hasan/20manat/Mekan_02,hasan,avaz,train,1,False,020_azn_00206.jpg,retained,37
020_azn_00207.jpg,020_azn,3,Hasan/20manat/Mekan_02,hasan,avaz,train,1,False,020_azn_00207.jpg,retained,37
020_azn_00208.jpg,020_azn,3,Hasan/20manat/Mekan_02,hasan,avaz,train,1,False,020_azn_00208.jpg,retained,37
020_azn_00209.jpg,020_azn,3,Hasan/20manat/Mekan_02,hasan,avaz,train,1,False,020_azn_00209.jpg,retained,37
020_azn_00210.jpg,020_azn,3,Hasan/20manat/Mekan_02,hasan,avaz,train,1,False,020_azn_00210.jpg,retained,37
020_azn_00211.jpg,020_azn,3,Hasan/20manat/Mekan_02,hasan,avaz,train,1,False,020_azn_00211.jpg,retained,37
020_azn_00212.jpg,020_azn,3,Hasan/20manat/Mekan_02,hasan,avaz,train,1,False,020_azn_00212.jpg,retained,37
020_azn_00213.jpg,020_azn,3,Hasan/20manat/Mekan_02,hasan,avaz,train,1,False,020_azn_00213.jpg,retained,37
020_azn_00214.jpg,020_azn,3,Hasan/20manat/Mekan_02,hasan,avaz,train,1,False,020_azn_00214.jpg,retained,37
020_azn_00215.jpg,020_azn,3,Hasan/20manat/Mekan_02,hasan,avaz,train,1,False,020_azn_00215.jpg,retained,37
020_azn_00216.jpg,020_azn,3,Hasan/20manat/Mekan_02,hasan,avaz,train,1,False,020_azn_00216.jpg,retained,37
020_azn_00217.jpg,020_azn,3,Hasan/20manat/Mekan_02,hasan,avaz,train,1,False,020_azn_00217.jpg,retained,37
020_azn_00218.jpg,020_azn,3,Hasan/20manat/Mekan_02,hasan,avaz,train,1,False,020_azn_00218.jpg,retained,37
020_azn_00219.jpg,020_azn,3,Hasan/20manat/Mekan_02,hasan,avaz,train,1,False,020_azn_00219.jpg,retained,37
020_azn_00220.jpg,020_azn,3,Hasan/20manat/Mekan_02,hasan,avaz,train,1,False,020_azn_00220.jpg,retained,37
020_azn_00221.jpg,020_azn,3,Hasan/20manat/Mekan_02,hasan,avaz,pruned,0,True,,unannotated_empty_label,-1
020_azn_00222.jpg,020_azn,3,Hasan/20manat/Mekan_02,hasan,avaz,train,1,False,020_azn_00222.jpg,retained,37
020_azn_00223.jpg,020_azn,3,Hasan/20manat/Mekan_02,hasan,avaz,train,1,False,020_azn_00223.jpg,retained,37
020_azn_00224.jpg,020_azn,3,Hasan/20manat/Mekan_02,hasan,avaz,train,1,False,020_azn_00224.jpg,retained,37
020_azn_00225.jpg,020_azn,3,Hasan/20manat/Mekan_02,hasan,avaz,train,1,False,020_azn_00225.jpg,retained,37
020_azn_00226.jpg,020_azn,3,Hasan/20manat/Mekan_02,hasan,avaz,train,1,False,020_azn_00226.jpg,retained,37
020_azn_00227.jpg,020_azn,3,Hasan/20manat/Mekan_02,hasan,avaz,train,1,False,020_azn_00227.jpg,retained,37
020_azn_00228.jpg,020_azn,3,Hasan/20manat/Mekan_02,hasan,avaz,pruned,1,True,020_azn_00231.jpg,near_duplicate_burst,-1
020_azn_00229.jpg,020_azn,3,Hasan/20manat/Mekan_02,hasan,avaz,train,1,False,020_azn_00229.jpg,retained,37
020_azn_00230.jpg,020_azn,3,Hasan/20manat/Mekan_02,hasan,avaz,train,1,False,020_azn_00230.jpg,retained,37
020_azn_00231.jpg,020_azn,3,Hasan/20manat/Mekan_02,hasan,avaz,train,1,False,020_azn_00231.jpg,retained,37
020_azn_00232.jpg,020_azn,3,Hasan/20manat/Mekan_02,hasan,avaz,train,1,False,020_azn_00232.jpg,retained,37
020_azn_00233.jpg,020_azn,3,Hasan/20manat/Mekan_02,hasan,avaz,pruned,1,True,020_azn_00234.jpg,near_duplicate_burst,-1
020_azn_00234.jpg,020_azn,3,Hasan/20manat/Mekan_02,hasan,avaz,train,1,False,020_azn_00234.jpg,retained,37
020_azn_00235.jpg,020_azn,3,Hasan/20manat/Mekan_02,hasan,avaz,train,1,False,020_azn_00235.jpg,retained,37
020_azn_00236.jpg,020_azn,3,Hasan/20manat/Mekan_02,hasan,avaz,train,1,False,020_azn_00236.jpg,retained,37
020_azn_00237.jpg,020_azn,3,Hasan/20manat/Mekan_02,hasan,avaz,train,1,False,020_azn_00237.jpg,retained,37
020_azn_00238.jpg,020_azn,3,Hasan/20manat/Mekan_02,hasan,avaz,train,1,False,020_azn_00238.jpg,retained,37
020_azn_00239.jpg,020_azn,3,Hasan/20manat/Mekan_02,hasan,avaz,pruned,1,True,020_azn_00240.jpg,near_duplicate_burst,-1
020_azn_00240.jpg,020_azn,3,Hasan/20manat/Mekan_02,hasan,avaz,train,1,False,020_azn_00240.jpg,retained,37
020_azn_00241.jpg,020_azn,3,Hasan/20manat/Mekan_02,hasan,avaz,pruned,1,True,020_azn_00242.jpg,near_duplicate_burst,-1
020_azn_00242.jpg,020_azn,3,Hasan/20manat/Mekan_02,hasan,avaz,train,1,False,020_azn_00242.jpg,retained,37
020_azn_00243.jpg,020_azn,3,Hasan/20manat/Mekan_02,hasan,avaz,pruned,1,True,020_azn_00244.jpg,near_duplicate_burst,-1
020_azn_00244.jpg,020_azn,3,Hasan/20manat/Mekan_02,hasan,avaz,train,1,False,020_azn_00244.jpg,retained,37
020_azn_00245.jpg,020_azn,3,Hasan/20manat/Mekan_02,hasan,avaz,train,1,False,020_azn_00245.jpg,retained,37
020_azn_00246.jpg,020_azn,3,Hasan/20manat/Mekan_02,hasan,avaz,train,1,False,020_azn_00246.jpg,retained,37
050_azn_00014.jpg,050_azn,4,Avaz1/50 manat/Mekan_02,avaz1,avaz,train,1,False,050_azn_00014.jpg,retained,2
050_azn_00015.jpg,050_azn,4,Avaz1/50 manat/Mekan_02,avaz1,avaz,train,1,False,050_azn_00015.jpg,retained,2
050_azn_00016.jpg,050_azn,4,Avaz1/50 manat/Mekan_02,avaz1,avaz,train,1,False,050_azn_00016.jpg,retained,2
050_azn_00017.jpg,050_azn,4,Avaz1/50 manat/Mekan_02,avaz1,avaz,train,1,False,050_azn_00017.jpg,retained,2
050_azn_00018.jpg,050_azn,4,Avaz1/50 manat/Mekan_02,avaz1,avaz,train,1,False,050_azn_00018.jpg,retained,2
050_azn_00019.jpg,050_azn,4,Avaz1/50 manat/Mekan_02,avaz1,avaz,train,1,False,050_azn_00019.jpg,retained,2
050_azn_00020.jpg,050_azn,4,Avaz1/50 manat/Mekan_02,avaz1,avaz,train,1,False,050_azn_00020.jpg,retained,2
050_azn_00021.jpg,050_azn,4,Avaz1/50 manat/Mekan_02,avaz1,avaz,train,1,False,050_azn_00021.jpg,retained,2
050_azn_00022.jpg,050_azn,4,Avaz1/50 manat/Mekan_02,avaz1,avaz,train,1,False,050_azn_00022.jpg,retained,2
050_azn_00023.jpg,050_azn,4,Avaz1/50 manat/Mekan_02,avaz1,avaz,train,2,False,050_azn_00023.jpg,retained,2
050_azn_00024.jpg,050_azn,4,Avaz1/50 manat/Mekan_02,avaz1,avaz,train,1,False,050_azn_00024.jpg,retained,2
050_azn_00025.jpg,050_azn,4,Avaz1/50 manat/Mekan_02,avaz1,avaz,train,1,False,050_azn_00025.jpg,retained,2
050_azn_00026.jpg,050_azn,4,Avaz1/50 manat/Mekan_03,avaz1,avaz,train,1,False,050_azn_00026.jpg,retained,18
050_azn_00027.jpg,050_azn,4,Avaz1/50 manat/Mekan_03,avaz1,avaz,train,1,False,050_azn_00027.jpg,retained,18
050_azn_00028.jpg,050_azn,4,Avaz1/50 manat/Mekan_03,avaz1,avaz,train,1,False,050_azn_00028.jpg,retained,18
050_azn_00029.jpg,050_azn,4,Avaz1/50 manat/Mekan_03,avaz1,avaz,train,1,False,050_azn_00029.jpg,retained,18
050_azn_00030.jpg,050_azn,4,Avaz1/50 manat/Mekan_03,avaz1,avaz,train,1,False,050_azn_00030.jpg,retained,18
050_azn_00031.jpg,050_azn,4,Avaz1/50 manat/Mekan_03,avaz1,avaz,train,1,False,050_azn_00031.jpg,retained,18
050_azn_00032.jpg,050_azn,4,Avaz1/50 manat/Mekan_03,avaz1,avaz,train,1,False,050_azn_00032.jpg,retained,18
050_azn_00033.jpg,050_azn,4,Avaz1/50 manat/Mekan_03,avaz1,avaz,train,1,False,050_azn_00033.jpg,retained,18
050_azn_00034.jpg,050_azn,4,Avaz1/50 manat/Mekan_03,avaz1,avaz,train,1,False,050_azn_00034.jpg,retained,18
050_azn_00035.jpg,050_azn,4,Avaz1/50 manat/Mekan_03,avaz1,avaz,train,1,False,050_azn_00035.jpg,retained,18
050_azn_00036.jpg,050_azn,4,Avaz1/50 manat/Mekan_03,avaz1,avaz,train,1,False,050_azn_00036.jpg,retained,18
050_azn_00037.jpg,050_azn,4,Avaz1/50 manat/Mekan_03,avaz1,avaz,train,1,False,050_azn_00037.jpg,retained,18
050_azn_00038.jpg,050_azn,4,Avaz1/50 manat/Mekan_03,avaz1,avaz,train,1,False,050_azn_00038.jpg,retained,18
050_azn_00039.jpg,050_azn,4,Avaz1/50 manat/Mekan_03,avaz1,avaz,train,1,False,050_azn_00039.jpg,retained,18
050_azn_00040.jpg,050_azn,4,Avaz1/50 manat/Mekan_03,avaz1,avaz,train,1,False,050_azn_00040.jpg,retained,18
050_azn_00041.jpg,050_azn,4,Avaz1/50 manat/Mekan_03,avaz1,avaz,train,1,False,050_azn_00041.jpg,retained,18
050_azn_00042.jpg,050_azn,4,Avaz1/50 manat/Mekan_03,avaz1,avaz,train,1,False,050_azn_00042.jpg,retained,18
050_azn_00043.jpg,050_azn,4,Avaz1/50 manat/Mekan_03,avaz1,avaz,train,1,False,050_azn_00043.jpg,retained,18
050_azn_00044.jpg,050_azn,4,Avaz1/50 manat/Mekan_03,avaz1,avaz,train,1,False,050_azn_00044.jpg,retained,18
050_azn_00045.jpg,050_azn,4,Avaz1/50 manat/Mekan_03,avaz1,avaz,train,1,False,050_azn_00045.jpg,retained,18
050_azn_00046.jpg,050_azn,4,Avaz1/50 manat/Mekan_03,avaz1,avaz,train,1,False,050_azn_00046.jpg,retained,18
050_azn_00047.jpg,050_azn,4,Avaz1/50 manat/Mekan_03,avaz1,avaz,pruned,1,True,050_azn_00048.jpg,near_duplicate_burst,-1
050_azn_00048.jpg,050_azn,4,Avaz1/50 manat/Mekan_03,avaz1,avaz,train,1,False,050_azn_00048.jpg,retained,18
050_azn_00049.jpg,050_azn,4,Avaz1/50 manat/Mekan_03,avaz1,avaz,train,1,False,050_azn_00049.jpg,retained,18
050_azn_00050.jpg,050_azn,4,Avaz1/50 manat/Mekan_03,avaz1,avaz,train,2,False,050_azn_00050.jpg,retained,18
050_azn_00051.jpg,050_azn,4,Avaz1/50 manat/Mekan_03,avaz1,avaz,train,1,False,050_azn_00051.jpg,retained,18
050_azn_00052.jpg,050_azn,4,Avaz1/50 manat/Mekan_03,avaz1,avaz,train,1,False,050_azn_00052.jpg,retained,18
050_azn_00053.jpg,050_azn,4,Avaz1/50 manat/Mekan_03,avaz1,avaz,train,1,False,050_azn_00053.jpg,retained,18
050_azn_00054.jpg,050_azn,4,Avaz1/50 manat/Mekan_03,avaz1,avaz,train,1,False,050_azn_00054.jpg,retained,18
050_azn_00055.jpg,050_azn,4,Avaz1/50 manat/Mekan_03,avaz1,avaz,train,1,False,050_azn_00055.jpg,retained,18
050_azn_00056.jpg,050_azn,4,Avaz1/50 manat/Mekan_03,avaz1,avaz,train,1,False,050_azn_00056.jpg,retained,18
050_azn_00057.jpg,050_azn,4,Avaz1/50 manat/Mekan_03,avaz1,avaz,train,1,False,050_azn_00057.jpg,retained,18
050_azn_00058.jpg,050_azn,4,Avaz1/50 manat/Mekan_03,avaz1,avaz,train,1,False,050_azn_00058.jpg,retained,18
050_azn_00212.jpg,050_azn,4,Kazim/50azn/Mekan_01,kazim,avaz,train,1,False,050_azn_00212.jpg,retained,24
050_azn_00213.jpg,050_azn,4,Kazim/50azn/Mekan_01,kazim,avaz,train,1,False,050_azn_00213.jpg,retained,24
050_azn_00214.jpg,050_azn,4,Kazim/50azn/Mekan_01,kazim,avaz,train,1,False,050_azn_00214.jpg,retained,24
050_azn_00215.jpg,050_azn,4,Kazim/50azn/Mekan_01,kazim,avaz,train,1,False,050_azn_00215.jpg,retained,24
050_azn_00216.jpg,050_azn,4,Kazim/50azn/Mekan_01,kazim,avaz,train,1,False,050_azn_00216.jpg,retained,24
050_azn_00217.jpg,050_azn,4,Kazim/50azn/Mekan_01,kazim,avaz,train,1,False,050_azn_00217.jpg,retained,24
050_azn_00218.jpg,050_azn,4,Kazim/50azn/Mekan_01,kazim,avaz,train,1,False,050_azn_00218.jpg,retained,24
050_azn_00219.jpg,050_azn,4,Kazim/50azn/Mekan_01,kazim,avaz,train,1,False,050_azn_00219.jpg,retained,24
050_azn_00220.jpg,050_azn,4,Kazim/50azn/Mekan_01,kazim,avaz,train,1,False,050_azn_00220.jpg,retained,24
050_azn_00221.jpg,050_azn,4,Kazim/50azn/Mekan_01,kazim,avaz,train,1,False,050_azn_00221.jpg,retained,24
050_azn_00222.jpg,050_azn,4,Kazim/50azn/Mekan_01,kazim,avaz,train,1,False,050_azn_00222.jpg,retained,24
050_azn_00223.jpg,050_azn,4,Kazim/50azn/Mekan_01,kazim,avaz,train,1,False,050_azn_00223.jpg,retained,24
050_azn_00224.jpg,050_azn,4,Kazim/50azn/Mekan_01,kazim,avaz,train,1,False,050_azn_00224.jpg,retained,24
050_azn_00225.jpg,050_azn,4,Kazim/50azn/Mekan_01,kazim,avaz,train,1,False,050_azn_00225.jpg,retained,24
050_azn_00226.jpg,050_azn,4,Kazim/50azn/Mekan_01,kazim,avaz,train,1,False,050_azn_00226.jpg,retained,24
050_azn_00227.jpg,050_azn,4,Kazim/50azn/Mekan_01,kazim,avaz,train,1,False,050_azn_00227.jpg,retained,24
050_azn_00228.jpg,050_azn,4,Kazim/50azn/Mekan_01,kazim,avaz,train,1,False,050_azn_00228.jpg,retained,24
050_azn_00229.jpg,050_azn,4,Kazim/50azn/Mekan_01,kazim,avaz,train,1,False,050_azn_00229.jpg,retained,24
050_azn_00230.jpg,050_azn,4,Kazim/50azn/Mekan_01,kazim,avaz,train,1,False,050_azn_00230.jpg,retained,24
050_azn_00231.jpg,050_azn,4,Kazim/50azn/Mekan_01,kazim,avaz,train,1,False,050_azn_00231.jpg,retained,24
050_azn_00232.jpg,050_azn,4,Kazim/50azn/Mekan_01,kazim,avaz,train,1,False,050_azn_00232.jpg,retained,24
050_azn_00233.jpg,050_azn,4,Kazim/50azn/Mekan_01,kazim,avaz,train,1,False,050_azn_00233.jpg,retained,24
050_azn_00234.jpg,050_azn,4,Kazim/50azn/Mekan_01,kazim,avaz,train,1,False,050_azn_00234.jpg,retained,24
050_azn_00235.jpg,050_azn,4,Kazim/50azn/Mekan_01,kazim,avaz,train,1,False,050_azn_00235.jpg,retained,24
050_azn_00236.jpg,050_azn,4,Kazim/50azn/Mekan_01,kazim,avaz,train,1,False,050_azn_00236.jpg,retained,24
050_azn_00237.jpg,050_azn,4,Kazim/50azn/Mekan_01,kazim,avaz,train,1,False,050_azn_00237.jpg,retained,24
050_azn_00238.jpg,050_azn,4,Kazim/50azn/Mekan_01,kazim,avaz,train,1,False,050_azn_00238.jpg,retained,24
050_azn_00239.jpg,050_azn,4,Kazim/50azn/Mekan_01,kazim,avaz,train,1,False,050_azn_00239.jpg,retained,24
050_azn_00240.jpg,050_azn,4,Kazim/50azn/Mekan_01,kazim,avaz,train,1,False,050_azn_00240.jpg,retained,24
050_azn_00241.jpg,050_azn,4,Kazim/50azn/Mekan_01,kazim,avaz,train,1,False,050_azn_00241.jpg,retained,24
050_azn_00242.jpg,050_azn,4,Kazim/50azn/Mekan_01,kazim,avaz,train,1,False,050_azn_00242.jpg,retained,24
050_azn_00243.jpg,050_azn,4,Kazim/50azn/Mekan_01,kazim,avaz,train,1,False,050_azn_00243.jpg,retained,24
050_azn_00244.jpg,050_azn,4,Kazim/50azn/Mekan_01,kazim,avaz,train,1,False,050_azn_00244.jpg,retained,24
050_azn_00245.jpg,050_azn,4,Kazim/50azn/Mekan_01,kazim,avaz,train,1,False,050_azn_00245.jpg,retained,24
050_azn_00321.jpg,050_azn,4,Kazim/50azn/Mekan_04,kazim,avaz,train,1,False,050_azn_00321.jpg,retained,13
050_azn_00322.jpg,050_azn,4,Kazim/50azn/Mekan_04,kazim,avaz,train,1,False,050_azn_00322.jpg,retained,13
100_azn_00024.jpg,100_azn,5,Avaz1/100 manat/Mekan_02,avaz1,avaz,train,1,False,100_azn_00024.jpg,retained,18
100_azn_00025.jpg,100_azn,5,Avaz1/100 manat/Mekan_02,avaz1,avaz,train,1,False,100_azn_00025.jpg,retained,18
100_azn_00026.jpg,100_azn,5,Avaz1/100 manat/Mekan_02,avaz1,avaz,train,1,False,100_azn_00026.jpg,retained,18
100_azn_00027.jpg,100_azn,5,Avaz1/100 manat/Mekan_02,avaz1,avaz,train,1,False,100_azn_00027.jpg,retained,18
100_azn_00028.jpg,100_azn,5,Avaz1/100 manat/Mekan_02,avaz1,avaz,train,1,False,100_azn_00028.jpg,retained,18
100_azn_00029.jpg,100_azn,5,Avaz1/100 manat/Mekan_02,avaz1,avaz,train,1,False,100_azn_00029.jpg,retained,18
100_azn_00030.jpg,100_azn,5,Avaz1/100 manat/Mekan_02,avaz1,avaz,train,1,False,100_azn_00030.jpg,retained,18
100_azn_00031.jpg,100_azn,5,Avaz1/100 manat/Mekan_02,avaz1,avaz,train,1,False,100_azn_00031.jpg,retained,18
100_azn_00032.jpg,100_azn,5,Avaz1/100 manat/Mekan_02,avaz1,avaz,train,1,False,100_azn_00032.jpg,retained,18
100_azn_00033.jpg,100_azn,5,Avaz1/100 manat/Mekan_02,avaz1,avaz,train,1,False,100_azn_00033.jpg,retained,18
100_azn_00034.jpg,100_azn,5,Avaz1/100 manat/Mekan_02,avaz1,avaz,train,1,False,100_azn_00034.jpg,retained,18
100_azn_00035.jpg,100_azn,5,Avaz1/100 manat/Mekan_02,avaz1,avaz,train,1,False,100_azn_00035.jpg,retained,18
100_azn_00036.jpg,100_azn,5,Avaz1/100 manat/Mekan_02,avaz1,avaz,train,1,False,100_azn_00036.jpg,retained,18
100_azn_00037.jpg,100_azn,5,Avaz1/100 manat/Mekan_02,avaz1,avaz,train,1,False,100_azn_00037.jpg,retained,18
100_azn_00038.jpg,100_azn,5,Avaz1/100 manat/Mekan_02,avaz1,avaz,train,1,False,100_azn_00038.jpg,retained,18
100_azn_00039.jpg,100_azn,5,Avaz1/100 manat/Mekan_02,avaz1,avaz,train,1,False,100_azn_00039.jpg,retained,18
100_azn_00040.jpg,100_azn,5,Avaz1/100 manat/Mekan_02,avaz1,avaz,train,1,False,100_azn_00040.jpg,retained,18
100_azn_00041.jpg,100_azn,5,Avaz1/100 manat/Mekan_02,avaz1,avaz,train,1,False,100_azn_00041.jpg,retained,18
100_azn_00042.jpg,100_azn,5,Avaz1/100 manat/Mekan_02,avaz1,avaz,train,3,False,100_azn_00042.jpg,retained,18
100_azn_00043.jpg,100_azn,5,Avaz1/100 manat/Mekan_02,avaz1,avaz,train,3,False,100_azn_00043.jpg,retained,18
100_azn_00044.jpg,100_azn,5,Avaz1/100 manat/Mekan_02,avaz1,avaz,train,1,False,100_azn_00044.jpg,retained,18
100_azn_00045.jpg,100_azn,5,Avaz1/100 manat/Mekan_02,avaz1,avaz,train,1,False,100_azn_00045.jpg,retained,18
100_azn_00046.jpg,100_azn,5,Avaz1/100 manat/Mekan_02,avaz1,avaz,train,1,False,100_azn_00046.jpg,retained,18
100_azn_00047.jpg,100_azn,5,Avaz1/100 manat/Mekan_02,avaz1,avaz,train,1,False,100_azn_00047.jpg,retained,18
100_azn_00048.jpg,100_azn,5,Avaz1/100 manat/Mekan_02,avaz1,avaz,train,1,False,100_azn_00048.jpg,retained,18
100_azn_00049.jpg,100_azn,5,Avaz1/100 manat/Mekan_02,avaz1,avaz,train,1,False,100_azn_00049.jpg,retained,18
100_azn_00050.jpg,100_azn,5,Avaz1/100 manat/Mekan_02,avaz1,avaz,train,1,False,100_azn_00050.jpg,retained,18
100_azn_00051.jpg,100_azn,5,Avaz1/100 manat/Mekan_02,avaz1,avaz,train,1,False,100_azn_00051.jpg,retained,18
100_azn_00052.jpg,100_azn,5,Avaz1/100 manat/Mekan_02,avaz1,avaz,train,1,False,100_azn_00052.jpg,retained,18
100_azn_00053.jpg,100_azn,5,Avaz1/100 manat/Mekan_02,avaz1,avaz,train,1,False,100_azn_00053.jpg,retained,18
100_azn_00054.jpg,100_azn,5,Avaz1/100 manat/Mekan_02,avaz1,avaz,train,1,False,100_azn_00054.jpg,retained,18
100_azn_00055.jpg,100_azn,5,Avaz1/100 manat/Mekan_02,avaz1,avaz,train,1,False,100_azn_00055.jpg,retained,18
100_azn_00056.jpg,100_azn,5,Avaz1/100 manat/Mekan_02,avaz1,avaz,train,1,False,100_azn_00056.jpg,retained,18
100_azn_00057.jpg,100_azn,5,Avaz1/100 manat/Mekan_03,avaz1,avaz,train,1,False,100_azn_00057.jpg,retained,23
100_azn_00058.jpg,100_azn,5,Avaz1/100 manat/Mekan_03,avaz1,avaz,train,1,False,100_azn_00058.jpg,retained,23
100_azn_00059.jpg,100_azn,5,Avaz1/100 manat/Mekan_03,avaz1,avaz,train,1,False,100_azn_00059.jpg,retained,23
100_azn_00060.jpg,100_azn,5,Avaz1/100 manat/Mekan_03,avaz1,avaz,train,1,False,100_azn_00060.jpg,retained,23
100_azn_00061.jpg,100_azn,5,Avaz1/100 manat/Mekan_03,avaz1,avaz,train,1,False,100_azn_00061.jpg,retained,23
100_azn_00062.jpg,100_azn,5,Avaz1/100 manat/Mekan_03,avaz1,avaz,train,1,False,100_azn_00062.jpg,retained,23
100_azn_00063.jpg,100_azn,5,Avaz1/100 manat/Mekan_03,avaz1,avaz,train,1,False,100_azn_00063.jpg,retained,23
100_azn_00080.jpg,100_azn,5,Gulnar/random/100/Mekan_01,gulnar,avaz,val,1,False,100_azn_00080.jpg,retained,3
100_azn_00081.jpg,100_azn,5,Gulnar/random/100/Mekan_01,gulnar,avaz,val,1,False,100_azn_00081.jpg,retained,3
100_azn_00082.jpg,100_azn,5,Gulnar/random/100/Mekan_01,gulnar,avaz,val,1,False,100_azn_00082.jpg,retained,3
100_azn_00083.jpg,100_azn,5,Gulnar/random/100/Mekan_01,gulnar,avaz,val,1,False,100_azn_00083.jpg,retained,3
100_azn_00084.jpg,100_azn,5,Gulnar/random/100/Mekan_01,gulnar,avaz,val,1,False,100_azn_00084.jpg,retained,3
100_azn_00085.jpg,100_azn,5,Gulnar/random/100/Mekan_01,gulnar,avaz,val,1,False,100_azn_00085.jpg,retained,3
100_azn_00086.jpg,100_azn,5,Gulnar/random/100/Mekan_01,gulnar,avaz,val,1,False,100_azn_00086.jpg,retained,3
100_azn_00087.jpg,100_azn,5,Gulnar/random/100/Mekan_01,gulnar,avaz,val,1,False,100_azn_00087.jpg,retained,3
100_azn_00088.jpg,100_azn,5,Gulnar/random/100/Mekan_01,gulnar,avaz,val,1,False,100_azn_00088.jpg,retained,3
100_azn_00089.jpg,100_azn,5,Gulnar/random/100/Mekan_01,gulnar,avaz,val,1,False,100_azn_00089.jpg,retained,3
100_azn_00090.jpg,100_azn,5,Gulnar/random/100/Mekan_01,gulnar,avaz,val,1,False,100_azn_00090.jpg,retained,3
100_azn_00091.jpg,100_azn,5,Gulnar/random/100/Mekan_01,gulnar,avaz,val,1,False,100_azn_00091.jpg,retained,3
100_azn_00092.jpg,100_azn,5,Gulnar/random/100/Mekan_01,gulnar,avaz,val,1,False,100_azn_00092.jpg,retained,3
100_azn_00093.jpg,100_azn,5,Gulnar/random/100/Mekan_01,gulnar,avaz,val,1,False,100_azn_00093.jpg,retained,3
100_azn_00094.jpg,100_azn,5,Gulnar/random/100/Mekan_01,gulnar,avaz,pruned,1,True,100_azn_00093.jpg,near_duplicate_burst,-1
100_azn_00095.jpg,100_azn,5,Gulnar/random/100/Mekan_01,gulnar,avaz,val,1,False,100_azn_00095.jpg,retained,3
100_azn_00096.jpg,100_azn,5,Gulnar/random/100/Mekan_01,gulnar,avaz,val,1,False,100_azn_00096.jpg,retained,3
100_azn_00097.jpg,100_azn,5,Gulnar/random/100/Mekan_01,gulnar,avaz,val,2,False,100_azn_00097.jpg,retained,3
100_azn_00098.jpg,100_azn,5,Gulnar/random/100/Mekan_01,gulnar,avaz,val,3,False,100_azn_00098.jpg,retained,3
100_azn_00099.jpg,100_azn,5,Gulnar/random/100/Mekan_01,gulnar,avaz,val,3,False,100_azn_00099.jpg,retained,3
100_azn_00100.jpg,100_azn,5,Gulnar/random/100/Mekan_01,gulnar,avaz,val,1,False,100_azn_00100.jpg,retained,3
100_azn_00101.jpg,100_azn,5,Gulnar/random/100/Mekan_01,gulnar,avaz,val,1,False,100_azn_00101.jpg,retained,3
100_azn_00102.jpg,100_azn,5,Gulnar/random/100/Mekan_01,gulnar,avaz,val,1,False,100_azn_00102.jpg,retained,3
100_azn_00103.jpg,100_azn,5,Gulnar/random/100/Mekan_01,gulnar,avaz,val,1,False,100_azn_00103.jpg,retained,3
100_azn_00104.jpg,100_azn,5,Gulnar/random/100/Mekan_01,gulnar,avaz,val,1,False,100_azn_00104.jpg,retained,3
100_azn_00105.jpg,100_azn,5,Gulnar/random/100/Mekan_01,gulnar,avaz,val,1,False,100_azn_00105.jpg,retained,3
100_azn_00229.jpg,100_azn,5,Kazim/100azn/Mekan_01,kazim,avaz,test,1,False,100_azn_00229.jpg,retained,38
100_azn_00230.jpg,100_azn,5,Kazim/100azn/Mekan_01,kazim,avaz,test,1,False,100_azn_00230.jpg,retained,38
100_azn_00231.jpg,100_azn,5,Kazim/100azn/Mekan_01,kazim,avaz,test,1,False,100_azn_00231.jpg,retained,38
100_azn_00232.jpg,100_azn,5,Kazim/100azn/Mekan_01,kazim,avaz,test,1,False,100_azn_00232.jpg,retained,38
100_azn_00233.jpg,100_azn,5,Kazim/100azn/Mekan_01,kazim,avaz,test,1,False,100_azn_00233.jpg,retained,38
100_azn_00234.jpg,100_azn,5,Kazim/100azn/Mekan_01,kazim,avaz,test,1,False,100_azn_00234.jpg,retained,38
100_azn_00235.jpg,100_azn,5,Kazim/100azn/Mekan_01,kazim,avaz,test,1,False,100_azn_00235.jpg,retained,38
100_azn_00236.jpg,100_azn,5,Kazim/100azn/Mekan_01,kazim,avaz,test,1,False,100_azn_00236.jpg,retained,38
100_azn_00237.jpg,100_azn,5,Kazim/100azn/Mekan_01,kazim,avaz,test,1,False,100_azn_00237.jpg,retained,38
100_azn_00238.jpg,100_azn,5,Kazim/100azn/Mekan_01,kazim,avaz,test,1,False,100_azn_00238.jpg,retained,38
100_azn_00239.jpg,100_azn,5,Kazim/100azn/Mekan_01,kazim,avaz,test,1,False,100_azn_00239.jpg,retained,38
100_azn_00240.jpg,100_azn,5,Kazim/100azn/Mekan_01,kazim,avaz,test,1,False,100_azn_00240.jpg,retained,38
100_azn_00241.jpg,100_azn,5,Kazim/100azn/Mekan_01,kazim,avaz,test,1,False,100_azn_00241.jpg,retained,38
100_azn_00242.jpg,100_azn,5,Kazim/100azn/Mekan_01,kazim,avaz,test,1,False,100_azn_00242.jpg,retained,38
100_azn_00243.jpg,100_azn,5,Kazim/100azn/Mekan_01,kazim,avaz,test,1,False,100_azn_00243.jpg,retained,38
100_azn_00244.jpg,100_azn,5,Kazim/100azn/Mekan_01,kazim,avaz,test,1,False,100_azn_00244.jpg,retained,38
100_azn_00245.jpg,100_azn,5,Kazim/100azn/Mekan_01,kazim,avaz,test,1,False,100_azn_00245.jpg,retained,38
100_azn_00246.jpg,100_azn,5,Kazim/100azn/Mekan_01,kazim,avaz,test,1,False,100_azn_00246.jpg,retained,38
100_azn_00247.jpg,100_azn,5,Kazim/100azn/Mekan_01,kazim,avaz,test,1,False,100_azn_00247.jpg,retained,38
100_azn_00248.jpg,100_azn,5,Kazim/100azn/Mekan_01,kazim,avaz,test,1,False,100_azn_00248.jpg,retained,38
100_azn_00249.jpg,100_azn,5,Kazim/100azn/Mekan_01,kazim,avaz,test,1,False,100_azn_00249.jpg,retained,38
100_azn_00250.jpg,100_azn,5,Kazim/100azn/Mekan_01,kazim,avaz,test,1,False,100_azn_00250.jpg,retained,38
100_azn_00251.jpg,100_azn,5,Kazim/100azn/Mekan_01,kazim,avaz,test,1,False,100_azn_00251.jpg,retained,38
100_azn_00252.jpg,100_azn,5,Kazim/100azn/Mekan_01,kazim,avaz,test,1,False,100_azn_00252.jpg,retained,38
100_azn_00253.jpg,100_azn,5,Kazim/100azn/Mekan_01,kazim,avaz,test,1,False,100_azn_00253.jpg,retained,38
100_azn_00254.jpg,100_azn,5,Kazim/100azn/Mekan_01,kazim,avaz,test,1,False,100_azn_00254.jpg,retained,38
100_azn_00255.jpg,100_azn,5,Kazim/100azn/Mekan_01,kazim,avaz,test,1,False,100_azn_00255.jpg,retained,38
100_azn_00256.jpg,100_azn,5,Kazim/100azn/Mekan_01,kazim,avaz,test,1,False,100_azn_00256.jpg,retained,38
100_azn_00257.jpg,100_azn,5,Kazim/100azn/Mekan_01,kazim,avaz,test,1,False,100_azn_00257.jpg,retained,38
100_azn_00258.jpg,100_azn,5,Kazim/100azn/Mekan_01,kazim,avaz,test,1,False,100_azn_00258.jpg,retained,38
200_azn_00128.jpg,200_azn,6,Gulnar/200/Mekan_04,gulnar,avaz,train,1,False,200_azn_00128.jpg,retained,6
200_azn_00129.jpg,200_azn,6,Gulnar/200/Mekan_04,gulnar,avaz,train,1,False,200_azn_00129.jpg,retained,6
200_azn_00130.jpg,200_azn,6,Gulnar/200/Mekan_04,gulnar,avaz,train,1,False,200_azn_00130.jpg,retained,6
200_azn_00131.jpg,200_azn,6,Gulnar/200/Mekan_04,gulnar,avaz,train,1,False,200_azn_00131.jpg,retained,6
200_azn_00132.jpg,200_azn,6,Gulnar/200/Mekan_04,gulnar,avaz,train,1,False,200_azn_00132.jpg,retained,6
200_azn_00133.jpg,200_azn,6,Gulnar/200/Mekan_04,gulnar,avaz,train,1,False,200_azn_00133.jpg,retained,6
200_azn_00134.jpg,200_azn,6,Gulnar/200/Mekan_04,gulnar,avaz,train,1,False,200_azn_00134.jpg,retained,6
200_azn_00135.jpg,200_azn,6,Gulnar/200/Mekan_04,gulnar,avaz,train,1,False,200_azn_00135.jpg,retained,6
200_azn_00136.jpg,200_azn,6,Gulnar/200/Mekan_04,gulnar,avaz,train,1,False,200_azn_00136.jpg,retained,6
200_azn_00137.jpg,200_azn,6,Gulnar/200/Mekan_04,gulnar,avaz,train,1,False,200_azn_00137.jpg,retained,6
200_azn_00138.jpg,200_azn,6,Gulnar/200/Mekan_04,gulnar,avaz,train,1,False,200_azn_00138.jpg,retained,6
200_azn_00139.jpg,200_azn,6,Gulnar/200/Mekan_04,gulnar,avaz,train,1,False,200_azn_00139.jpg,retained,6
200_azn_00140.jpg,200_azn,6,Gulnar/200/Mekan_04,gulnar,avaz,train,1,False,200_azn_00140.jpg,retained,6
200_azn_00141.jpg,200_azn,6,Gulnar/200/Mekan_04,gulnar,avaz,train,1,False,200_azn_00141.jpg,retained,6
200_azn_00142.jpg,200_azn,6,Gulnar/200/Mekan_04,gulnar,avaz,train,1,False,200_azn_00142.jpg,retained,6
200_azn_00143.jpg,200_azn,6,Gulnar/200/Mekan_04,gulnar,avaz,train,1,False,200_azn_00143.jpg,retained,6
200_azn_00144.jpg,200_azn,6,Gulnar/200/Mekan_04,gulnar,avaz,train,1,False,200_azn_00144.jpg,retained,6
200_azn_00145.jpg,200_azn,6,Gulnar/200/Mekan_04,gulnar,avaz,train,1,False,200_azn_00145.jpg,retained,6
200_azn_00146.jpg,200_azn,6,Gulnar/200/Mekan_04,gulnar,avaz,train,1,False,200_azn_00146.jpg,retained,6
200_azn_00147.jpg,200_azn,6,Gulnar/200/Mekan_04,gulnar,avaz,train,1,False,200_azn_00147.jpg,retained,6
200_azn_00148.jpg,200_azn,6,Gulnar/200/Mekan_04,gulnar,avaz,train,1,False,200_azn_00148.jpg,retained,6
200_azn_00149.jpg,200_azn,6,Gulnar/200/Mekan_04,gulnar,avaz,train,1,False,200_azn_00149.jpg,retained,6
200_azn_00150.jpg,200_azn,6,Gulnar/200/Mekan_04,gulnar,avaz,train,1,False,200_azn_00150.jpg,retained,6
200_azn_00151.jpg,200_azn,6,Gulnar/200/Mekan_04,gulnar,avaz,train,1,False,200_azn_00151.jpg,retained,6
200_azn_00152.jpg,200_azn,6,Gulnar/200/Mekan_04,gulnar,avaz,train,1,False,200_azn_00152.jpg,retained,6
200_azn_00153.jpg,200_azn,6,Gulnar/200/Mekan_04,gulnar,avaz,train,1,False,200_azn_00153.jpg,retained,6
200_azn_00154.jpg,200_azn,6,Gulnar/200/Mekan_04,gulnar,avaz,train,1,False,200_azn_00154.jpg,retained,6
200_azn_00155.jpg,200_azn,6,Gulnar/200/Mekan_04,gulnar,avaz,train,1,False,200_azn_00155.jpg,retained,6
200_azn_00156.jpg,200_azn,6,Gulnar/200/Mekan_04,gulnar,avaz,train,1,False,200_azn_00156.jpg,retained,6
200_azn_00157.jpg,200_azn,6,Gulnar/200/Mekan_04,gulnar,avaz,train,1,False,200_azn_00157.jpg,retained,6
200_azn_00158.jpg,200_azn,6,Gulnar/200/Mekan_04,gulnar,avaz,train,1,False,200_azn_00158.jpg,retained,6
200_azn_00159.jpg,200_azn,6,Gulnar/200/Mekan_04,gulnar,avaz,train,1,False,200_azn_00159.jpg,retained,6
200_azn_00160.jpg,200_azn,6,Gulnar/200/Mekan_04,gulnar,avaz,pruned,0,True,,unannotated_empty_label,-1
200_azn_00161.jpg,200_azn,6,Gulnar/200/Mekan_04,gulnar,avaz,train,1,False,200_azn_00161.jpg,retained,6
200_azn_00162.jpg,200_azn,6,Gulnar/200/Mekan_04,gulnar,avaz,train,1,False,200_azn_00162.jpg,retained,6
200_azn_00163.jpg,200_azn,6,Gulnar/200/Mekan_04,gulnar,avaz,train,1,False,200_azn_00163.jpg,retained,6
200_azn_00164.jpg,200_azn,6,Gulnar/200/Mekan_04,gulnar,avaz,train,1,False,200_azn_00164.jpg,retained,6
200_azn_00165.jpg,200_azn,6,Gulnar/200/Mekan_04,gulnar,avaz,train,1,False,200_azn_00165.jpg,retained,6
200_azn_00202.jpg,200_azn,6,Gulnar/random/200/Mekan_01,gulnar,avaz,val,1,False,200_azn_00202.jpg,retained,3
200_azn_00203.jpg,200_azn,6,Gulnar/random/200/Mekan_01,gulnar,avaz,val,1,False,200_azn_00203.jpg,retained,3
200_azn_00204.jpg,200_azn,6,Gulnar/random/200/Mekan_01,gulnar,avaz,val,1,False,200_azn_00204.jpg,retained,3
200_azn_00205.jpg,200_azn,6,Gulnar/random/200/Mekan_01,gulnar,avaz,val,1,False,200_azn_00205.jpg,retained,3
200_azn_00206.jpg,200_azn,6,Gulnar/random/200/Mekan_01,gulnar,avaz,val,1,False,200_azn_00206.jpg,retained,3
200_azn_00207.jpg,200_azn,6,Gulnar/random/200/Mekan_01,gulnar,avaz,val,1,False,200_azn_00207.jpg,retained,3
200_azn_00208.jpg,200_azn,6,Gulnar/random/200/Mekan_01,gulnar,avaz,val,1,False,200_azn_00208.jpg,retained,3
200_azn_00209.jpg,200_azn,6,Gulnar/random/200/Mekan_01,gulnar,avaz,val,1,False,200_azn_00209.jpg,retained,3
200_azn_00210.jpg,200_azn,6,Gulnar/random/200/Mekan_01,gulnar,avaz,val,1,False,200_azn_00210.jpg,retained,3
200_azn_00211.jpg,200_azn,6,Gulnar/random/200/Mekan_01,gulnar,avaz,val,1,False,200_azn_00211.jpg,retained,3
200_azn_00212.jpg,200_azn,6,Gulnar/random/200/Mekan_01,gulnar,avaz,val,1,False,200_azn_00212.jpg,retained,3
200_azn_00213.jpg,200_azn,6,Gulnar/random/200/Mekan_01,gulnar,avaz,val,1,False,200_azn_00213.jpg,retained,3
200_azn_00214.jpg,200_azn,6,Gulnar/random/200/Mekan_01,gulnar,avaz,val,1,False,200_azn_00214.jpg,retained,3
200_azn_00215.jpg,200_azn,6,Gulnar/random/200/Mekan_01,gulnar,avaz,val,1,False,200_azn_00215.jpg,retained,3
200_azn_00216.jpg,200_azn,6,Gulnar/random/200/Mekan_01,gulnar,avaz,val,1,False,200_azn_00216.jpg,retained,3
200_azn_00217.jpg,200_azn,6,Gulnar/random/200/Mekan_01,gulnar,avaz,val,1,False,200_azn_00217.jpg,retained,3
200_azn_00218.jpg,200_azn,6,Gulnar/random/200/Mekan_01,gulnar,avaz,val,2,False,200_azn_00218.jpg,retained,3
200_azn_00219.jpg,200_azn,6,Gulnar/random/200/Mekan_01,gulnar,avaz,val,1,False,200_azn_00219.jpg,retained,3
200_azn_00220.jpg,200_azn,6,Gulnar/random/200/Mekan_01,gulnar,avaz,val,1,False,200_azn_00220.jpg,retained,3
200_azn_00221.jpg,200_azn,6,Gulnar/random/200/Mekan_01,gulnar,avaz,val,1,False,200_azn_00221.jpg,retained,3
200_azn_00222.jpg,200_azn,6,Gulnar/random/200/Mekan_01,gulnar,avaz,val,1,False,200_azn_00222.jpg,retained,3
200_azn_00223.jpg,200_azn,6,Gulnar/random/200/Mekan_01,gulnar,avaz,val,1,False,200_azn_00223.jpg,retained,3
200_azn_00224.jpg,200_azn,6,Gulnar/random/200/Mekan_01,gulnar,avaz,val,1,False,200_azn_00224.jpg,retained,3
200_azn_00225.jpg,200_azn,6,Gulnar/random/200/Mekan_01,gulnar,avaz,val,1,False,200_azn_00225.jpg,retained,3
200_azn_00226.jpg,200_azn,6,Gulnar/random/200/Mekan_01,gulnar,avaz,val,1,False,200_azn_00226.jpg,retained,3
200_azn_00227.jpg,200_azn,6,Gulnar/random/200/Mekan_01,gulnar,avaz,val,1,False,200_azn_00227.jpg,retained,3
200_azn_00228.jpg,200_azn,6,Gulnar/random/200/Mekan_01,gulnar,avaz,val,1,False,200_azn_00228.jpg,retained,3
200_azn_00229.jpg,200_azn,6,Gulnar/random/200/Mekan_01,gulnar,avaz,val,1,False,200_azn_00229.jpg,retained,3
200_azn_00230.jpg,200_azn,6,Gulnar/random/200/Mekan_01,gulnar,avaz,val,1,False,200_azn_00230.jpg,retained,3
200_azn_00231.jpg,200_azn,6,Gulnar/random/200/Mekan_01,gulnar,avaz,val,3,False,200_azn_00231.jpg,retained,3
200_azn_00232.jpg,200_azn,6,Gulnar/random/200/Mekan_01,gulnar,avaz,val,1,False,200_azn_00232.jpg,retained,3
001_azn_00001.jpg,001_azn,0,Avaz1/1 azn/Mekan_01,avaz1,gulnar,test,1,False,001_azn_00001.jpg,retained,27
001_azn_00002.jpg,001_azn,0,Avaz1/1 azn/Mekan_01,avaz1,gulnar,test,1,False,001_azn_00002.jpg,retained,27
001_azn_00015.jpg,001_azn,0,Avaz1/1 azn/Mekan_03,avaz1,gulnar,train,1,False,001_azn_00015.jpg,retained,11
001_azn_00016.jpg,001_azn,0,Avaz1/1 azn/Mekan_03,avaz1,gulnar,train,1,False,001_azn_00016.jpg,retained,11
001_azn_00017.jpg,001_azn,0,Avaz1/1 azn/Mekan_03,avaz1,gulnar,train,1,False,001_azn_00017.jpg,retained,11
001_azn_00018.jpg,001_azn,0,Avaz1/1 azn/Mekan_03,avaz1,gulnar,train,1,False,001_azn_00018.jpg,retained,11
001_azn_00019.jpg,001_azn,0,Avaz1/1 azn/Mekan_03,avaz1,gulnar,train,1,False,001_azn_00019.jpg,retained,11
001_azn_00020.jpg,001_azn,0,Avaz1/1 azn/Mekan_03,avaz1,gulnar,train,1,False,001_azn_00020.jpg,retained,11
001_azn_00021.jpg,001_azn,0,Avaz1/1 azn/Mekan_03,avaz1,gulnar,train,1,False,001_azn_00021.jpg,retained,11
001_azn_00022.jpg,001_azn,0,Avaz1/1 azn/Mekan_03,avaz1,gulnar,train,1,False,001_azn_00022.jpg,retained,11
001_azn_00023.jpg,001_azn,0,Avaz1/1 azn/Mekan_03,avaz1,gulnar,train,1,False,001_azn_00023.jpg,retained,11
001_azn_00024.jpg,001_azn,0,Avaz1/1 azn/Mekan_03,avaz1,gulnar,train,1,False,001_azn_00024.jpg,retained,11
001_azn_00025.jpg,001_azn,0,Avaz1/1 azn/Mekan_03,avaz1,gulnar,train,1,False,001_azn_00025.jpg,retained,11
001_azn_00026.jpg,001_azn,0,Avaz1/1 azn/Mekan_03,avaz1,gulnar,train,1,False,001_azn_00026.jpg,retained,11
001_azn_00027.jpg,001_azn,0,Avaz1/1 azn/Mekan_03,avaz1,gulnar,train,1,False,001_azn_00027.jpg,retained,11
001_azn_00028.jpg,001_azn,0,Avaz1/1 azn/Mekan_03,avaz1,gulnar,train,1,False,001_azn_00028.jpg,retained,11
001_azn_00029.jpg,001_azn,0,Avaz1/1 azn/Mekan_03,avaz1,gulnar,train,1,False,001_azn_00029.jpg,retained,11
001_azn_00030.jpg,001_azn,0,Avaz1/1 azn/Mekan_03,avaz1,gulnar,train,1,False,001_azn_00030.jpg,retained,11
001_azn_00031.jpg,001_azn,0,Avaz1/1 azn/Mekan_03,avaz1,gulnar,train,1,False,001_azn_00031.jpg,retained,11
001_azn_00032.jpg,001_azn,0,Avaz1/1 azn/Mekan_03,avaz1,gulnar,train,1,False,001_azn_00032.jpg,retained,11
001_azn_00033.jpg,001_azn,0,Avaz1/1 azn/Mekan_03,avaz1,gulnar,train,1,False,001_azn_00033.jpg,retained,11
001_azn_00034.jpg,001_azn,0,Avaz1/1 azn/Mekan_03,avaz1,gulnar,train,1,False,001_azn_00034.jpg,retained,11
001_azn_00035.jpg,001_azn,0,Avaz1/1 azn/Mekan_03,avaz1,gulnar,train,1,False,001_azn_00035.jpg,retained,11
001_azn_00036.jpg,001_azn,0,Avaz1/1 azn/Mekan_03,avaz1,gulnar,train,1,False,001_azn_00036.jpg,retained,11
001_azn_00037.jpg,001_azn,0,Avaz1/1 azn/Mekan_03,avaz1,gulnar,train,1,False,001_azn_00037.jpg,retained,11
001_azn_00038.jpg,001_azn,0,Avaz1/1 azn/Mekan_03,avaz1,gulnar,train,1,False,001_azn_00038.jpg,retained,11
001_azn_00039.jpg,001_azn,0,Avaz1/1 azn/Mekan_03,avaz1,gulnar,train,1,False,001_azn_00039.jpg,retained,11
001_azn_00040.jpg,001_azn,0,Avaz1/1 azn/Mekan_03,avaz1,gulnar,train,1,False,001_azn_00040.jpg,retained,11
001_azn_00041.jpg,001_azn,0,Avaz1/1 azn/Mekan_03,avaz1,gulnar,train,1,False,001_azn_00041.jpg,retained,11
001_azn_00042.jpg,001_azn,0,Avaz1/1 azn/Mekan_03,avaz1,gulnar,train,1,False,001_azn_00042.jpg,retained,11
001_azn_00043.jpg,001_azn,0,Avaz1/1 azn/Mekan_03,avaz1,gulnar,train,1,False,001_azn_00043.jpg,retained,11
001_azn_00044.jpg,001_azn,0,Avaz1/1 azn/Mekan_03,avaz1,gulnar,train,1,False,001_azn_00044.jpg,retained,11
001_azn_00045.jpg,001_azn,0,Avaz1/1 azn/Mekan_03,avaz1,gulnar,train,1,False,001_azn_00045.jpg,retained,11
001_azn_00046.jpg,001_azn,0,Avaz1/1 azn/Mekan_03,avaz1,gulnar,train,1,False,001_azn_00046.jpg,retained,11
001_azn_00047.jpg,001_azn,0,Avaz1/1 azn/Mekan_03,avaz1,gulnar,train,1,False,001_azn_00047.jpg,retained,11
001_azn_00048.jpg,001_azn,0,Avaz1/1 azn/Mekan_03,avaz1,gulnar,train,1,False,001_azn_00048.jpg,retained,11
001_azn_00049.jpg,001_azn,0,Avaz1/1 azn/Mekan_03,avaz1,gulnar,train,1,False,001_azn_00049.jpg,retained,11
001_azn_00050.jpg,001_azn,0,Avaz1/1 azn/Mekan_03,avaz1,gulnar,train,1,False,001_azn_00050.jpg,retained,11
001_azn_00051.jpg,001_azn,0,Avaz1/1 azn/Mekan_03,avaz1,gulnar,train,1,False,001_azn_00051.jpg,retained,11
001_azn_00052.jpg,001_azn,0,Avaz1/1 azn/Mekan_03,avaz1,gulnar,train,1,False,001_azn_00052.jpg,retained,11
001_azn_00053.jpg,001_azn,0,Avaz1/1 azn/Mekan_03,avaz1,gulnar,train,1,False,001_azn_00053.jpg,retained,11
001_azn_00054.jpg,001_azn,0,Avaz1/1 azn/Mekan_03,avaz1,gulnar,train,1,False,001_azn_00054.jpg,retained,11
001_azn_00055.jpg,001_azn,0,Avaz1/1 azn/Mekan_03,avaz1,gulnar,train,1,False,001_azn_00055.jpg,retained,11
001_azn_00056.jpg,001_azn,0,Avaz1/1 azn/Mekan_03,avaz1,gulnar,train,1,False,001_azn_00056.jpg,retained,11
001_azn_00057.jpg,001_azn,0,Avaz1/1 azn/Mekan_03,avaz1,gulnar,train,1,False,001_azn_00057.jpg,retained,11
001_azn_00058.jpg,001_azn,0,Avaz1/1 azn/Mekan_03,avaz1,gulnar,train,1,False,001_azn_00058.jpg,retained,11
001_azn_00059.jpg,001_azn,0,Avaz1/1 azn/Mekan_03,avaz1,gulnar,train,1,False,001_azn_00059.jpg,retained,11
001_azn_00060.jpg,001_azn,0,Avaz1/1 azn/Mekan_03,avaz1,gulnar,train,1,False,001_azn_00060.jpg,retained,11
001_azn_00061.jpg,001_azn,0,Avaz1/1 azn/Mekan_03,avaz1,gulnar,train,1,False,001_azn_00061.jpg,retained,11
001_azn_00062.jpg,001_azn,0,Avaz1/1 azn/Mekan_03,avaz1,gulnar,train,1,False,001_azn_00062.jpg,retained,11
001_azn_00117.jpg,001_azn,0,Avaz1/1 azn/Mekan_07,avaz1,gulnar,train,1,False,001_azn_00117.jpg,retained,18
001_azn_00118.jpg,001_azn,0,Avaz1/1 azn/Mekan_07,avaz1,gulnar,train,1,False,001_azn_00118.jpg,retained,18
001_azn_00119.jpg,001_azn,0,Avaz1/1 azn/Mekan_07,avaz1,gulnar,train,1,False,001_azn_00119.jpg,retained,18
001_azn_00120.jpg,001_azn,0,Avaz1/1 azn/Mekan_07,avaz1,gulnar,train,1,False,001_azn_00120.jpg,retained,18
001_azn_00121.jpg,001_azn,0,Avaz1/1 azn/Mekan_07,avaz1,gulnar,train,1,False,001_azn_00121.jpg,retained,18
001_azn_00122.jpg,001_azn,0,Avaz1/1 azn/Mekan_07,avaz1,gulnar,train,1,False,001_azn_00122.jpg,retained,18
001_azn_00123.jpg,001_azn,0,Avaz1/1 azn/Mekan_07,avaz1,gulnar,train,1,False,001_azn_00123.jpg,retained,18
001_azn_00124.jpg,001_azn,0,Avaz1/1 azn/Mekan_07,avaz1,gulnar,train,1,False,001_azn_00124.jpg,retained,18
001_azn_00125.jpg,001_azn,0,Avaz1/1 azn/Mekan_07,avaz1,gulnar,train,1,False,001_azn_00125.jpg,retained,18
001_azn_00126.jpg,001_azn,0,Avaz1/1 azn/Mekan_07,avaz1,gulnar,train,1,False,001_azn_00126.jpg,retained,18
001_azn_00127.jpg,001_azn,0,Avaz1/1 azn/Mekan_07,avaz1,gulnar,train,1,False,001_azn_00127.jpg,retained,18
001_azn_00128.jpg,001_azn,0,Avaz1/1 azn/Mekan_07,avaz1,gulnar,train,1,False,001_azn_00128.jpg,retained,18
001_azn_00129.jpg,001_azn,0,Avaz1/1 azn/Mekan_07,avaz1,gulnar,train,1,False,001_azn_00129.jpg,retained,18
001_azn_00130.jpg,001_azn,0,Avaz1/1 azn/Mekan_07,avaz1,gulnar,train,1,False,001_azn_00130.jpg,retained,18
001_azn_00131.jpg,001_azn,0,Avaz1/1 azn/Mekan_07,avaz1,gulnar,train,1,False,001_azn_00131.jpg,retained,18
001_azn_00132.jpg,001_azn,0,Avaz1/1 azn/Mekan_07,avaz1,gulnar,train,1,False,001_azn_00132.jpg,retained,18
001_azn_00133.jpg,001_azn,0,Avaz1/1 azn/Mekan_07,avaz1,gulnar,train,1,False,001_azn_00133.jpg,retained,18
001_azn_00134.jpg,001_azn,0,Avaz1/1 azn/Mekan_07,avaz1,gulnar,train,1,False,001_azn_00134.jpg,retained,18
001_azn_00135.jpg,001_azn,0,Avaz1/1 azn/Mekan_07,avaz1,gulnar,train,1,False,001_azn_00135.jpg,retained,18
001_azn_00136.jpg,001_azn,0,Avaz1/1 azn/Mekan_07,avaz1,gulnar,train,1,False,001_azn_00136.jpg,retained,18
001_azn_00137.jpg,001_azn,0,Avaz1/1 azn/Mekan_07,avaz1,gulnar,train,1,False,001_azn_00137.jpg,retained,18
001_azn_00138.jpg,001_azn,0,Avaz1/1 azn/Mekan_07,avaz1,gulnar,train,1,False,001_azn_00138.jpg,retained,18
001_azn_00139.jpg,001_azn,0,Avaz1/1 azn/Mekan_07,avaz1,gulnar,train,1,False,001_azn_00139.jpg,retained,18
001_azn_00140.jpg,001_azn,0,Avaz1/1 azn/Mekan_07,avaz1,gulnar,pruned,1,True,001_azn_00139.jpg,near_duplicate_burst,-1
001_azn_00141.jpg,001_azn,0,Avaz1/1 azn/Mekan_07,avaz1,gulnar,train,1,False,001_azn_00141.jpg,retained,18
001_azn_00142.jpg,001_azn,0,Avaz1/1 azn/Mekan_07,avaz1,gulnar,train,1,False,001_azn_00142.jpg,retained,18
001_azn_00143.jpg,001_azn,0,Avaz1/1 azn/Mekan_07,avaz1,gulnar,train,1,False,001_azn_00143.jpg,retained,18
001_azn_00144.jpg,001_azn,0,Avaz1/1 azn/Mekan_07,avaz1,gulnar,train,2,False,001_azn_00144.jpg,retained,18
001_azn_00145.jpg,001_azn,0,Avaz1/1 azn/Mekan_07,avaz1,gulnar,train,1,False,001_azn_00145.jpg,retained,18
001_azn_00146.jpg,001_azn,0,Avaz1/1 azn/Mekan_08,avaz1,gulnar,train,1,False,001_azn_00146.jpg,retained,23
001_azn_00147.jpg,001_azn,0,Avaz1/1 azn/Mekan_08,avaz1,gulnar,train,1,False,001_azn_00147.jpg,retained,23
001_azn_00148.jpg,001_azn,0,Avaz1/1 azn/Mekan_08,avaz1,gulnar,train,1,False,001_azn_00148.jpg,retained,23
001_azn_00149.jpg,001_azn,0,Avaz1/1 azn/Mekan_08,avaz1,gulnar,train,1,False,001_azn_00149.jpg,retained,23
001_azn_00150.jpg,001_azn,0,Avaz1/1 azn/Mekan_08,avaz1,gulnar,train,1,False,001_azn_00150.jpg,retained,23
001_azn_00151.jpg,001_azn,0,Avaz1/1 azn/Mekan_08,avaz1,gulnar,train,1,False,001_azn_00151.jpg,retained,23
001_azn_00152.jpg,001_azn,0,Avaz1/1 azn/Mekan_08,avaz1,gulnar,train,1,False,001_azn_00152.jpg,retained,23
001_azn_00153.jpg,001_azn,0,Avaz1/1 azn/Mekan_08,avaz1,gulnar,train,1,False,001_azn_00153.jpg,retained,23
001_azn_00154.jpg,001_azn,0,Avaz1/1 azn/Mekan_08,avaz1,gulnar,pruned,0,True,,unannotated_empty_label,-1
001_azn_00155.jpg,001_azn,0,Avaz1/1 azn/Mekan_08,avaz1,gulnar,train,1,False,001_azn_00155.jpg,retained,23
001_azn_00156.jpg,001_azn,0,Avaz1/1 azn/Mekan_08,avaz1,gulnar,train,1,False,001_azn_00156.jpg,retained,23
001_azn_00157.jpg,001_azn,0,Avaz1/1 azn/Mekan_08,avaz1,gulnar,train,1,False,001_azn_00157.jpg,retained,23
001_azn_00229.jpg,001_azn,0,Gulnar/random/1/Mekan_03,gulnar,gulnar,test,3,False,001_azn_00229.jpg,retained,25
001_azn_00230.jpg,001_azn,0,Hasan/1manat/Mekan_01,hasan,gulnar,test,1,False,001_azn_00230.jpg,retained,28
001_azn_00231.jpg,001_azn,0,Hasan/1manat/Mekan_01,hasan,gulnar,test,1,False,001_azn_00231.jpg,retained,28
001_azn_00232.jpg,001_azn,0,Hasan/1manat/Mekan_01,hasan,gulnar,test,1,False,001_azn_00232.jpg,retained,28
001_azn_00233.jpg,001_azn,0,Hasan/1manat/Mekan_01,hasan,gulnar,test,1,False,001_azn_00233.jpg,retained,28
001_azn_00234.jpg,001_azn,0,Hasan/1manat/Mekan_01,hasan,gulnar,test,1,False,001_azn_00234.jpg,retained,28
001_azn_00235.jpg,001_azn,0,Hasan/1manat/Mekan_01,hasan,gulnar,pruned,1,True,001_azn_00237.jpg,near_duplicate_burst,-1
001_azn_00236.jpg,001_azn,0,Hasan/1manat/Mekan_01,hasan,gulnar,pruned,1,True,001_azn_00237.jpg,near_duplicate_burst,-1
001_azn_00237.jpg,001_azn,0,Hasan/1manat/Mekan_01,hasan,gulnar,test,1,False,001_azn_00237.jpg,retained,28
001_azn_00238.jpg,001_azn,0,Hasan/1manat/Mekan_01,hasan,gulnar,test,1,False,001_azn_00238.jpg,retained,28
001_azn_00239.jpg,001_azn,0,Hasan/1manat/Mekan_01,hasan,gulnar,test,1,False,001_azn_00239.jpg,retained,28
001_azn_00240.jpg,001_azn,0,Hasan/1manat/Mekan_01,hasan,gulnar,test,1,False,001_azn_00240.jpg,retained,28
001_azn_00241.jpg,001_azn,0,Hasan/1manat/Mekan_01,hasan,gulnar,test,1,False,001_azn_00241.jpg,retained,28
001_azn_00242.jpg,001_azn,0,Hasan/1manat/Mekan_01,hasan,gulnar,test,1,False,001_azn_00242.jpg,retained,28
001_azn_00243.jpg,001_azn,0,Hasan/1manat/Mekan_01,hasan,gulnar,test,1,False,001_azn_00243.jpg,retained,28
001_azn_00244.jpg,001_azn,0,Hasan/1manat/Mekan_01,hasan,gulnar,test,1,False,001_azn_00244.jpg,retained,28
001_azn_00245.jpg,001_azn,0,Hasan/1manat/Mekan_01,hasan,gulnar,test,1,False,001_azn_00245.jpg,retained,28
001_azn_00246.jpg,001_azn,0,Hasan/1manat/Mekan_01,hasan,gulnar,test,1,False,001_azn_00246.jpg,retained,28
001_azn_00247.jpg,001_azn,0,Hasan/1manat/Mekan_01,hasan,gulnar,test,1,False,001_azn_00247.jpg,retained,28
001_azn_00248.jpg,001_azn,0,Hasan/1manat/Mekan_01,hasan,gulnar,test,1,False,001_azn_00248.jpg,retained,28
001_azn_00249.jpg,001_azn,0,Hasan/1manat/Mekan_01,hasan,gulnar,test,1,False,001_azn_00249.jpg,retained,28
001_azn_00250.jpg,001_azn,0,Hasan/1manat/Mekan_01,hasan,gulnar,test,1,False,001_azn_00250.jpg,retained,28
005_azn_00096.jpg,005_azn,1,Avaz1/5 manat/Mekan_03,avaz1,gulnar,train,2,False,005_azn_00096.jpg,retained,18
005_azn_00097.jpg,005_azn,1,Avaz1/5 manat/Mekan_03,avaz1,gulnar,train,2,False,005_azn_00097.jpg,retained,18
005_azn_00098.jpg,005_azn,1,Avaz1/5 manat/Mekan_03,avaz1,gulnar,train,1,False,005_azn_00098.jpg,retained,18
005_azn_00099.jpg,005_azn,1,Avaz1/5 manat/Mekan_03,avaz1,gulnar,train,1,False,005_azn_00099.jpg,retained,18
005_azn_00100.jpg,005_azn,1,Avaz1/5 manat/Mekan_03,avaz1,gulnar,train,1,False,005_azn_00100.jpg,retained,18
005_azn_00101.jpg,005_azn,1,Avaz1/5 manat/Mekan_03,avaz1,gulnar,pruned,1,True,005_azn_00100.jpg,near_duplicate_burst,-1
005_azn_00102.jpg,005_azn,1,Avaz1/5 manat/Mekan_03,avaz1,gulnar,train,1,False,005_azn_00102.jpg,retained,18
005_azn_00103.jpg,005_azn,1,Avaz1/5 manat/Mekan_03,avaz1,gulnar,train,1,False,005_azn_00103.jpg,retained,18
005_azn_00104.jpg,005_azn,1,Avaz1/5 manat/Mekan_03,avaz1,gulnar,train,1,False,005_azn_00104.jpg,retained,18
005_azn_00105.jpg,005_azn,1,Avaz1/5 manat/Mekan_03,avaz1,gulnar,train,1,False,005_azn_00105.jpg,retained,18
005_azn_00106.jpg,005_azn,1,Avaz1/5 manat/Mekan_03,avaz1,gulnar,train,1,False,005_azn_00106.jpg,retained,18
005_azn_00107.jpg,005_azn,1,Avaz1/5 manat/Mekan_03,avaz1,gulnar,train,1,False,005_azn_00107.jpg,retained,18
005_azn_00108.jpg,005_azn,1,Avaz1/5 manat/Mekan_03,avaz1,gulnar,train,1,False,005_azn_00108.jpg,retained,18
005_azn_00109.jpg,005_azn,1,Avaz1/5 manat/Mekan_03,avaz1,gulnar,train,1,False,005_azn_00109.jpg,retained,18
005_azn_00110.jpg,005_azn,1,Avaz1/5 manat/Mekan_03,avaz1,gulnar,train,1,False,005_azn_00110.jpg,retained,18
005_azn_00111.jpg,005_azn,1,Avaz1/5 manat/Mekan_03,avaz1,gulnar,train,1,False,005_azn_00111.jpg,retained,18
005_azn_00112.jpg,005_azn,1,Avaz1/5 manat/Mekan_03,avaz1,gulnar,train,1,False,005_azn_00112.jpg,retained,18
005_azn_00113.jpg,005_azn,1,Avaz1/5 manat/Mekan_03,avaz1,gulnar,train,1,False,005_azn_00113.jpg,retained,18
005_azn_00114.jpg,005_azn,1,Avaz1/5 manat/Mekan_03,avaz1,gulnar,train,1,False,005_azn_00114.jpg,retained,18
005_azn_00115.jpg,005_azn,1,Avaz1/5 manat/Mekan_03,avaz1,gulnar,train,1,False,005_azn_00115.jpg,retained,18
005_azn_00116.jpg,005_azn,1,Avaz1/5 manat/Mekan_03,avaz1,gulnar,train,1,False,005_azn_00116.jpg,retained,18
005_azn_00117.jpg,005_azn,1,Avaz1/5 manat/Mekan_03,avaz1,gulnar,train,1,False,005_azn_00117.jpg,retained,18
005_azn_00118.jpg,005_azn,1,Avaz1/5 manat/Mekan_03,avaz1,gulnar,train,1,False,005_azn_00118.jpg,retained,18
005_azn_00119.jpg,005_azn,1,Avaz1/5 manat/Mekan_03,avaz1,gulnar,train,1,False,005_azn_00119.jpg,retained,18
005_azn_00120.jpg,005_azn,1,Avaz1/5 manat/Mekan_03,avaz1,gulnar,train,1,False,005_azn_00120.jpg,retained,18
005_azn_00121.jpg,005_azn,1,Avaz1/5 manat/Mekan_03,avaz1,gulnar,train,1,False,005_azn_00121.jpg,retained,18
005_azn_00122.jpg,005_azn,1,Avaz1/5 manat/Mekan_03,avaz1,gulnar,train,1,False,005_azn_00122.jpg,retained,18
005_azn_00123.jpg,005_azn,1,Avaz1/5 manat/Mekan_03,avaz1,gulnar,train,1,False,005_azn_00123.jpg,retained,18
005_azn_00124.jpg,005_azn,1,Avaz1/5 manat/Mekan_03,avaz1,gulnar,train,1,False,005_azn_00124.jpg,retained,18
005_azn_00125.jpg,005_azn,1,Avaz1/5 manat/Mekan_03,avaz1,gulnar,train,1,False,005_azn_00125.jpg,retained,18
005_azn_00126.jpg,005_azn,1,Avaz1/5 manat/Mekan_03,avaz1,gulnar,train,1,False,005_azn_00126.jpg,retained,18
005_azn_00127.jpg,005_azn,1,Avaz1/5 manat/Mekan_03,avaz1,gulnar,train,1,False,005_azn_00127.jpg,retained,18
005_azn_00128.jpg,005_azn,1,Avaz1/5 manat/Mekan_03,avaz1,gulnar,train,1,False,005_azn_00128.jpg,retained,18
005_azn_00129.jpg,005_azn,1,Avaz1/5 manat/Mekan_03,avaz1,gulnar,train,1,False,005_azn_00129.jpg,retained,18
005_azn_00130.jpg,005_azn,1,Avaz1/5 manat/Mekan_03,avaz1,gulnar,train,1,False,005_azn_00130.jpg,retained,18
005_azn_00131.jpg,005_azn,1,Avaz1/5 manat/Mekan_03,avaz1,gulnar,train,1,False,005_azn_00131.jpg,retained,18
005_azn_00132.jpg,005_azn,1,Avaz1/5 manat/Mekan_03,avaz1,gulnar,train,1,False,005_azn_00132.jpg,retained,18
005_azn_00133.jpg,005_azn,1,Avaz1/5 manat/Mekan_03,avaz1,gulnar,train,1,False,005_azn_00133.jpg,retained,18
005_azn_00196.jpg,005_azn,1,Gulnar/random/5/Mekan_01,gulnar,gulnar,val,1,False,005_azn_00196.jpg,retained,3
005_azn_00197.jpg,005_azn,1,Gulnar/random/5/Mekan_01,gulnar,gulnar,val,1,False,005_azn_00197.jpg,retained,3
005_azn_00198.jpg,005_azn,1,Gulnar/random/5/Mekan_01,gulnar,gulnar,val,1,False,005_azn_00198.jpg,retained,3
005_azn_00199.jpg,005_azn,1,Gulnar/random/5/Mekan_01,gulnar,gulnar,val,1,False,005_azn_00199.jpg,retained,3
005_azn_00200.jpg,005_azn,1,Gulnar/random/5/Mekan_01,gulnar,gulnar,val,1,False,005_azn_00200.jpg,retained,3
005_azn_00201.jpg,005_azn,1,Gulnar/random/5/Mekan_01,gulnar,gulnar,val,1,False,005_azn_00201.jpg,retained,3
005_azn_00202.jpg,005_azn,1,Gulnar/random/5/Mekan_01,gulnar,gulnar,val,1,False,005_azn_00202.jpg,retained,3
005_azn_00203.jpg,005_azn,1,Gulnar/random/5/Mekan_01,gulnar,gulnar,val,1,False,005_azn_00203.jpg,retained,3
005_azn_00204.jpg,005_azn,1,Gulnar/random/5/Mekan_01,gulnar,gulnar,val,1,False,005_azn_00204.jpg,retained,3
005_azn_00205.jpg,005_azn,1,Gulnar/random/5/Mekan_01,gulnar,gulnar,val,1,False,005_azn_00205.jpg,retained,3
005_azn_00206.jpg,005_azn,1,Gulnar/random/5/Mekan_01,gulnar,gulnar,val,2,False,005_azn_00206.jpg,retained,3
005_azn_00207.jpg,005_azn,1,Gulnar/random/5/Mekan_01,gulnar,gulnar,val,1,False,005_azn_00207.jpg,retained,3
005_azn_00208.jpg,005_azn,1,Gulnar/random/5/Mekan_01,gulnar,gulnar,val,1,False,005_azn_00208.jpg,retained,3
005_azn_00209.jpg,005_azn,1,Gulnar/random/5/Mekan_01,gulnar,gulnar,val,1,False,005_azn_00209.jpg,retained,3
005_azn_00210.jpg,005_azn,1,Gulnar/random/5/Mekan_01,gulnar,gulnar,val,1,False,005_azn_00210.jpg,retained,3
005_azn_00211.jpg,005_azn,1,Gulnar/random/5/Mekan_01,gulnar,gulnar,val,1,False,005_azn_00211.jpg,retained,3
005_azn_00212.jpg,005_azn,1,Gulnar/random/5/Mekan_01,gulnar,gulnar,val,1,False,005_azn_00212.jpg,retained,3
005_azn_00213.jpg,005_azn,1,Gulnar/random/5/Mekan_01,gulnar,gulnar,val,1,False,005_azn_00213.jpg,retained,3
005_azn_00219.jpg,005_azn,1,Kazim/5azn/Mekan_01,kazim,gulnar,val,1,False,005_azn_00219.jpg,retained,14
005_azn_00220.jpg,005_azn,1,Kazim/5azn/Mekan_01,kazim,gulnar,val,1,False,005_azn_00220.jpg,retained,14
005_azn_00221.jpg,005_azn,1,Kazim/5azn/Mekan_01,kazim,gulnar,val,1,False,005_azn_00221.jpg,retained,14
005_azn_00222.jpg,005_azn,1,Kazim/5azn/Mekan_01,kazim,gulnar,val,1,False,005_azn_00222.jpg,retained,14
005_azn_00223.jpg,005_azn,1,Kazim/5azn/Mekan_01,kazim,gulnar,val,1,False,005_azn_00223.jpg,retained,14
005_azn_00224.jpg,005_azn,1,Kazim/5azn/Mekan_01,kazim,gulnar,val,1,False,005_azn_00224.jpg,retained,14
005_azn_00225.jpg,005_azn,1,Kazim/5azn/Mekan_01,kazim,gulnar,val,1,False,005_azn_00225.jpg,retained,14
005_azn_00226.jpg,005_azn,1,Kazim/5azn/Mekan_01,kazim,gulnar,val,1,False,005_azn_00226.jpg,retained,14
005_azn_00227.jpg,005_azn,1,Kazim/5azn/Mekan_01,kazim,gulnar,val,1,False,005_azn_00227.jpg,retained,14
005_azn_00228.jpg,005_azn,1,Kazim/5azn/Mekan_01,kazim,gulnar,val,1,False,005_azn_00228.jpg,retained,14
005_azn_00229.jpg,005_azn,1,Kazim/5azn/Mekan_01,kazim,gulnar,val,1,False,005_azn_00229.jpg,retained,14
005_azn_00230.jpg,005_azn,1,Kazim/5azn/Mekan_01,kazim,gulnar,val,1,False,005_azn_00230.jpg,retained,14
005_azn_00231.jpg,005_azn,1,Kazim/5azn/Mekan_01,kazim,gulnar,val,1,False,005_azn_00231.jpg,retained,14
005_azn_00232.jpg,005_azn,1,Kazim/5azn/Mekan_01,kazim,gulnar,val,1,False,005_azn_00232.jpg,retained,14
005_azn_00233.jpg,005_azn,1,Kazim/5azn/Mekan_01,kazim,gulnar,val,1,False,005_azn_00233.jpg,retained,14
005_azn_00234.jpg,005_azn,1,Kazim/5azn/Mekan_01,kazim,gulnar,val,1,False,005_azn_00234.jpg,retained,14
005_azn_00235.jpg,005_azn,1,Kazim/5azn/Mekan_01,kazim,gulnar,val,1,False,005_azn_00235.jpg,retained,14
005_azn_00236.jpg,005_azn,1,Kazim/5azn/Mekan_01,kazim,gulnar,val,1,False,005_azn_00236.jpg,retained,14
005_azn_00237.jpg,005_azn,1,Kazim/5azn/Mekan_01,kazim,gulnar,val,1,False,005_azn_00237.jpg,retained,14
005_azn_00238.jpg,005_azn,1,Kazim/5azn/Mekan_01,kazim,gulnar,val,1,False,005_azn_00238.jpg,retained,14
005_azn_00239.jpg,005_azn,1,Kazim/5azn/Mekan_01,kazim,gulnar,val,1,False,005_azn_00239.jpg,retained,14
005_azn_00240.jpg,005_azn,1,Kazim/5azn/Mekan_01,kazim,gulnar,val,1,False,005_azn_00240.jpg,retained,14
005_azn_00241.jpg,005_azn,1,Kazim/5azn/Mekan_01,kazim,gulnar,val,1,False,005_azn_00241.jpg,retained,14
010_azn_00001.jpg,010_azn,2,Avaz1/10/Mekan_01,avaz1,gulnar,train,1,False,010_azn_00001.jpg,retained,0
010_azn_00002.jpg,010_azn,2,Avaz1/10/Mekan_01,avaz1,gulnar,train,1,False,010_azn_00002.jpg,retained,0
010_azn_00003.jpg,010_azn,2,Avaz1/10/Mekan_01,avaz1,gulnar,train,1,False,010_azn_00003.jpg,retained,0
010_azn_00004.jpg,010_azn,2,Avaz1/10/Mekan_01,avaz1,gulnar,train,1,False,010_azn_00004.jpg,retained,0
010_azn_00005.jpg,010_azn,2,Avaz1/10/Mekan_01,avaz1,gulnar,train,1,False,010_azn_00005.jpg,retained,0
010_azn_00006.jpg,010_azn,2,Avaz1/10/Mekan_01,avaz1,gulnar,train,1,False,010_azn_00006.jpg,retained,0
010_azn_00007.jpg,010_azn,2,Avaz1/10/Mekan_01,avaz1,gulnar,train,1,False,010_azn_00007.jpg,retained,0
010_azn_00008.jpg,010_azn,2,Avaz1/10/Mekan_01,avaz1,gulnar,train,1,False,010_azn_00008.jpg,retained,0
010_azn_00009.jpg,010_azn,2,Avaz1/10/Mekan_01,avaz1,gulnar,train,1,False,010_azn_00009.jpg,retained,0
010_azn_00010.jpg,010_azn,2,Avaz1/10/Mekan_01,avaz1,gulnar,train,1,False,010_azn_00010.jpg,retained,0
010_azn_00011.jpg,010_azn,2,Avaz1/10/Mekan_01,avaz1,gulnar,train,1,False,010_azn_00011.jpg,retained,0
010_azn_00012.jpg,010_azn,2,Avaz1/10/Mekan_01,avaz1,gulnar,train,1,False,010_azn_00012.jpg,retained,0
010_azn_00013.jpg,010_azn,2,Avaz1/10/Mekan_01,avaz1,gulnar,train,1,False,010_azn_00013.jpg,retained,0
010_azn_00014.jpg,010_azn,2,Avaz1/10/Mekan_01,avaz1,gulnar,train,1,False,010_azn_00014.jpg,retained,0
010_azn_00015.jpg,010_azn,2,Avaz1/10/Mekan_01,avaz1,gulnar,train,1,False,010_azn_00015.jpg,retained,0
010_azn_00016.jpg,010_azn,2,Avaz1/10/Mekan_01,avaz1,gulnar,train,1,False,010_azn_00016.jpg,retained,0
010_azn_00017.jpg,010_azn,2,Avaz1/10/Mekan_01,avaz1,gulnar,train,1,False,010_azn_00017.jpg,retained,0
010_azn_00018.jpg,010_azn,2,Avaz1/10/Mekan_01,avaz1,gulnar,train,1,False,010_azn_00018.jpg,retained,0
010_azn_00019.jpg,010_azn,2,Avaz1/10/Mekan_01,avaz1,gulnar,train,1,False,010_azn_00019.jpg,retained,0
010_azn_00020.jpg,010_azn,2,Avaz1/10/Mekan_01,avaz1,gulnar,train,1,False,010_azn_00020.jpg,retained,0
010_azn_00021.jpg,010_azn,2,Avaz1/10/Mekan_01,avaz1,gulnar,train,1,False,010_azn_00021.jpg,retained,0
010_azn_00022.jpg,010_azn,2,Avaz1/10/Mekan_01,avaz1,gulnar,train,1,False,010_azn_00022.jpg,retained,0
010_azn_00023.jpg,010_azn,2,Avaz1/10/Mekan_01,avaz1,gulnar,train,1,False,010_azn_00023.jpg,retained,0
010_azn_00024.jpg,010_azn,2,Avaz1/10/Mekan_01,avaz1,gulnar,train,1,False,010_azn_00024.jpg,retained,0
010_azn_00025.jpg,010_azn,2,Avaz1/10/Mekan_01,avaz1,gulnar,train,1,False,010_azn_00025.jpg,retained,0
010_azn_00026.jpg,010_azn,2,Avaz1/10/Mekan_01,avaz1,gulnar,train,1,False,010_azn_00026.jpg,retained,0
010_azn_00027.jpg,010_azn,2,Avaz1/10/Mekan_01,avaz1,gulnar,train,1,False,010_azn_00027.jpg,retained,0
010_azn_00028.jpg,010_azn,2,Avaz1/10/Mekan_01,avaz1,gulnar,train,1,False,010_azn_00028.jpg,retained,0
010_azn_00029.jpg,010_azn,2,Avaz1/10/Mekan_01,avaz1,gulnar,train,1,False,010_azn_00029.jpg,retained,0
010_azn_00030.jpg,010_azn,2,Avaz1/10/Mekan_01,avaz1,gulnar,train,1,False,010_azn_00030.jpg,retained,0
010_azn_00031.jpg,010_azn,2,Avaz1/10/Mekan_01,avaz1,gulnar,train,1,False,010_azn_00031.jpg,retained,0
010_azn_00032.jpg,010_azn,2,Avaz1/10/Mekan_01,avaz1,gulnar,train,1,False,010_azn_00032.jpg,retained,0
010_azn_00033.jpg,010_azn,2,Avaz1/10/Mekan_01,avaz1,gulnar,train,1,False,010_azn_00033.jpg,retained,0
010_azn_00153.jpg,010_azn,2,Gulnar/doseme/10/Mekan_01,gulnar,gulnar,val,1,False,010_azn_00153.jpg,retained,1
010_azn_00154.jpg,010_azn,2,Gulnar/doseme/10/Mekan_01,gulnar,gulnar,val,1,False,010_azn_00154.jpg,retained,1
010_azn_00155.jpg,010_azn,2,Gulnar/doseme/10/Mekan_01,gulnar,gulnar,val,1,False,010_azn_00155.jpg,retained,1
010_azn_00156.jpg,010_azn,2,Gulnar/doseme/10/Mekan_01,gulnar,gulnar,val,1,False,010_azn_00156.jpg,retained,1
010_azn_00157.jpg,010_azn,2,Gulnar/doseme/10/Mekan_01,gulnar,gulnar,val,1,False,010_azn_00157.jpg,retained,1
010_azn_00158.jpg,010_azn,2,Gulnar/doseme/10/Mekan_01,gulnar,gulnar,val,1,False,010_azn_00158.jpg,retained,1
010_azn_00159.jpg,010_azn,2,Gulnar/doseme/10/Mekan_01,gulnar,gulnar,val,1,False,010_azn_00159.jpg,retained,1
010_azn_00160.jpg,010_azn,2,Gulnar/doseme/10/Mekan_01,gulnar,gulnar,val,1,False,010_azn_00160.jpg,retained,1
010_azn_00161.jpg,010_azn,2,Gulnar/doseme/10/Mekan_01,gulnar,gulnar,val,1,False,010_azn_00161.jpg,retained,1
010_azn_00162.jpg,010_azn,2,Gulnar/doseme/10/Mekan_01,gulnar,gulnar,val,1,False,010_azn_00162.jpg,retained,1
010_azn_00163.jpg,010_azn,2,Gulnar/doseme/10/Mekan_01,gulnar,gulnar,val,1,False,010_azn_00163.jpg,retained,1
010_azn_00164.jpg,010_azn,2,Gulnar/doseme/10/Mekan_01,gulnar,gulnar,val,1,False,010_azn_00164.jpg,retained,1
010_azn_00165.jpg,010_azn,2,Gulnar/doseme/10/Mekan_01,gulnar,gulnar,val,1,False,010_azn_00165.jpg,retained,1
010_azn_00166.jpg,010_azn,2,Gulnar/doseme/10/Mekan_01,gulnar,gulnar,val,1,False,010_azn_00166.jpg,retained,1
010_azn_00167.jpg,010_azn,2,Gulnar/doseme/10/Mekan_01,gulnar,gulnar,val,1,False,010_azn_00167.jpg,retained,1
010_azn_00168.jpg,010_azn,2,Gulnar/doseme/10/Mekan_01,gulnar,gulnar,val,1,False,010_azn_00168.jpg,retained,1
010_azn_00169.jpg,010_azn,2,Gulnar/doseme/10/Mekan_01,gulnar,gulnar,val,1,False,010_azn_00169.jpg,retained,1
010_azn_00170.jpg,010_azn,2,Gulnar/doseme/10/Mekan_01,gulnar,gulnar,val,1,False,010_azn_00170.jpg,retained,1
010_azn_00171.jpg,010_azn,2,Gulnar/doseme/10/Mekan_01,gulnar,gulnar,val,1,False,010_azn_00171.jpg,retained,1
010_azn_00172.jpg,010_azn,2,Gulnar/doseme/10/Mekan_01,gulnar,gulnar,val,1,False,010_azn_00172.jpg,retained,1
010_azn_00195.jpg,010_azn,2,Gulnar/random/10/Mekan_02,gulnar,gulnar,val,1,False,010_azn_00195.jpg,retained,9
010_azn_00196.jpg,010_azn,2,Gulnar/random/10/Mekan_02,gulnar,gulnar,val,1,False,010_azn_00196.jpg,retained,9
010_azn_00197.jpg,010_azn,2,Gulnar/random/10/Mekan_02,gulnar,gulnar,val,1,False,010_azn_00197.jpg,retained,9
010_azn_00198.jpg,010_azn,2,Gulnar/random/10/Mekan_02,gulnar,gulnar,val,1,False,010_azn_00198.jpg,retained,9
010_azn_00318.jpg,010_azn,2,Kazim/10azn/Mekan_01,kazim,gulnar,train,1,False,010_azn_00318.jpg,retained,24
010_azn_00319.jpg,010_azn,2,Kazim/10azn/Mekan_01,kazim,gulnar,train,1,False,010_azn_00319.jpg,retained,24
010_azn_00320.jpg,010_azn,2,Kazim/10azn/Mekan_01,kazim,gulnar,train,1,False,010_azn_00320.jpg,retained,24
010_azn_00321.jpg,010_azn,2,Kazim/10azn/Mekan_01,kazim,gulnar,train,1,False,010_azn_00321.jpg,retained,24
010_azn_00322.jpg,010_azn,2,Kazim/10azn/Mekan_01,kazim,gulnar,train,1,False,010_azn_00322.jpg,retained,24
010_azn_00323.jpg,010_azn,2,Kazim/10azn/Mekan_01,kazim,gulnar,train,1,False,010_azn_00323.jpg,retained,24
010_azn_00324.jpg,010_azn,2,Kazim/10azn/Mekan_01,kazim,gulnar,train,1,False,010_azn_00324.jpg,retained,24
010_azn_00325.jpg,010_azn,2,Kazim/10azn/Mekan_01,kazim,gulnar,train,1,False,010_azn_00325.jpg,retained,24
010_azn_00326.jpg,010_azn,2,Kazim/10azn/Mekan_01,kazim,gulnar,train,1,False,010_azn_00326.jpg,retained,24
010_azn_00327.jpg,010_azn,2,Kazim/10azn/Mekan_01,kazim,gulnar,train,1,False,010_azn_00327.jpg,retained,24
010_azn_00328.jpg,010_azn,2,Kazim/10azn/Mekan_01,kazim,gulnar,train,1,False,010_azn_00328.jpg,retained,24
010_azn_00329.jpg,010_azn,2,Kazim/10azn/Mekan_01,kazim,gulnar,train,1,False,010_azn_00329.jpg,retained,24
010_azn_00330.jpg,010_azn,2,Kazim/10azn/Mekan_01,kazim,gulnar,train,1,False,010_azn_00330.jpg,retained,24
010_azn_00331.jpg,010_azn,2,Kazim/10azn/Mekan_01,kazim,gulnar,train,1,False,010_azn_00331.jpg,retained,24
010_azn_00332.jpg,010_azn,2,Kazim/10azn/Mekan_01,kazim,gulnar,train,1,False,010_azn_00332.jpg,retained,24
010_azn_00333.jpg,010_azn,2,Kazim/10azn/Mekan_01,kazim,gulnar,train,1,False,010_azn_00333.jpg,retained,24
010_azn_00334.jpg,010_azn,2,Kazim/10azn/Mekan_01,kazim,gulnar,train,1,False,010_azn_00334.jpg,retained,24
010_azn_00335.jpg,010_azn,2,Kazim/10azn/Mekan_01,kazim,gulnar,train,1,False,010_azn_00335.jpg,retained,24
010_azn_00336.jpg,010_azn,2,Kazim/10azn/Mekan_01,kazim,gulnar,train,1,False,010_azn_00336.jpg,retained,24
010_azn_00337.jpg,010_azn,2,Kazim/10azn/Mekan_01,kazim,gulnar,train,1,False,010_azn_00337.jpg,retained,24
010_azn_00338.jpg,010_azn,2,Kazim/10azn/Mekan_01,kazim,gulnar,train,1,False,010_azn_00338.jpg,retained,24
010_azn_00339.jpg,010_azn,2,Kazim/10azn/Mekan_01,kazim,gulnar,train,1,False,010_azn_00339.jpg,retained,24
010_azn_00340.jpg,010_azn,2,Kazim/10azn/Mekan_01,kazim,gulnar,train,1,False,010_azn_00340.jpg,retained,24
010_azn_00341.jpg,010_azn,2,Kazim/10azn/Mekan_01,kazim,gulnar,train,1,False,010_azn_00341.jpg,retained,24
010_azn_00342.jpg,010_azn,2,Kazim/10azn/Mekan_01,kazim,gulnar,train,1,False,010_azn_00342.jpg,retained,24
010_azn_00343.jpg,010_azn,2,Kazim/10azn/Mekan_01,kazim,gulnar,train,1,False,010_azn_00343.jpg,retained,24
010_azn_00344.jpg,010_azn,2,Kazim/10azn/Mekan_01,kazim,gulnar,train,1,False,010_azn_00344.jpg,retained,24
010_azn_00345.jpg,010_azn,2,Kazim/10azn/Mekan_01,kazim,gulnar,train,1,False,010_azn_00345.jpg,retained,24
010_azn_00346.jpg,010_azn,2,Kazim/10azn/Mekan_01,kazim,gulnar,train,1,False,010_azn_00346.jpg,retained,24
010_azn_00347.jpg,010_azn,2,Kazim/10azn/Mekan_01,kazim,gulnar,train,1,False,010_azn_00347.jpg,retained,24
010_azn_00348.jpg,010_azn,2,Kazim/10azn/Mekan_01,kazim,gulnar,train,1,False,010_azn_00348.jpg,retained,24
010_azn_00349.jpg,010_azn,2,Kazim/10azn/Mekan_01,kazim,gulnar,train,1,False,010_azn_00349.jpg,retained,24
010_azn_00350.jpg,010_azn,2,Kazim/10azn/Mekan_01,kazim,gulnar,train,1,False,010_azn_00350.jpg,retained,24
010_azn_00351.jpg,010_azn,2,Kazim/10azn/Mekan_01,kazim,gulnar,train,1,False,010_azn_00351.jpg,retained,24
010_azn_00352.jpg,010_azn,2,Kazim/10azn/Mekan_01,kazim,gulnar,train,1,False,010_azn_00352.jpg,retained,24
010_azn_00353.jpg,010_azn,2,Kazim/10azn/Mekan_01,kazim,gulnar,train,1,False,010_azn_00353.jpg,retained,24
010_azn_00386.jpg,010_azn,2,Kazim/10azn/Mekan_05,kazim,gulnar,train,1,False,010_azn_00386.jpg,retained,0
010_azn_00387.jpg,010_azn,2,Kazim/10azn/Mekan_05,kazim,gulnar,train,1,False,010_azn_00387.jpg,retained,0
010_azn_00388.jpg,010_azn,2,Kazim/10azn/Mekan_05,kazim,gulnar,train,1,False,010_azn_00388.jpg,retained,0
010_azn_00389.jpg,010_azn,2,Kazim/10azn/Mekan_05,kazim,gulnar,train,1,False,010_azn_00389.jpg,retained,0
010_azn_00390.jpg,010_azn,2,Kazim/10azn/Mekan_05,kazim,gulnar,train,1,False,010_azn_00390.jpg,retained,0
010_azn_00391.jpg,010_azn,2,Kazim/10azn/Mekan_05,kazim,gulnar,train,1,False,010_azn_00391.jpg,retained,0
010_azn_00392.jpg,010_azn,2,Kazim/10azn/Mekan_05,kazim,gulnar,train,1,False,010_azn_00392.jpg,retained,0
010_azn_00393.jpg,010_azn,2,Kazim/10azn/Mekan_05,kazim,gulnar,train,1,False,010_azn_00393.jpg,retained,0
010_azn_00394.jpg,010_azn,2,Kazim/10azn/Mekan_05,kazim,gulnar,train,1,False,010_azn_00394.jpg,retained,0
010_azn_00395.jpg,010_azn,2,Kazim/10azn/Mekan_05,kazim,gulnar,train,1,False,010_azn_00395.jpg,retained,0
010_azn_00396.jpg,010_azn,2,Kazim/10azn/Mekan_05,kazim,gulnar,train,1,False,010_azn_00396.jpg,retained,0
010_azn_00397.jpg,010_azn,2,Kazim/10azn/Mekan_05,kazim,gulnar,train,1,False,010_azn_00397.jpg,retained,0
010_azn_00398.jpg,010_azn,2,Kazim/10azn/Mekan_05,kazim,gulnar,train,1,False,010_azn_00398.jpg,retained,0
010_azn_00399.jpg,010_azn,2,Kazim/10azn/Mekan_05,kazim,gulnar,train,1,False,010_azn_00399.jpg,retained,0
010_azn_00400.jpg,010_azn,2,Kazim/10azn/Mekan_05,kazim,gulnar,train,1,False,010_azn_00400.jpg,retained,0
010_azn_00401.jpg,010_azn,2,Kazim/10azn/Mekan_05,kazim,gulnar,train,1,False,010_azn_00401.jpg,retained,0
010_azn_00402.jpg,010_azn,2,Kazim/10azn/Mekan_05,kazim,gulnar,train,1,False,010_azn_00402.jpg,retained,0
010_azn_00403.jpg,010_azn,2,Kazim/10azn/Mekan_05,kazim,gulnar,train,1,False,010_azn_00403.jpg,retained,0
010_azn_00404.jpg,010_azn,2,Kazim/10azn/Mekan_05,kazim,gulnar,train,1,False,010_azn_00404.jpg,retained,0
010_azn_00405.jpg,010_azn,2,Kazim/10azn/Mekan_05,kazim,gulnar,train,1,False,010_azn_00405.jpg,retained,0
010_azn_00406.jpg,010_azn,2,Kazim/10azn/Mekan_05,kazim,gulnar,train,1,False,010_azn_00406.jpg,retained,0
010_azn_00407.jpg,010_azn,2,Kazim/10azn/Mekan_05,kazim,gulnar,train,1,False,010_azn_00407.jpg,retained,0
010_azn_00408.jpg,010_azn,2,Kazim/10azn/Mekan_05,kazim,gulnar,train,1,False,010_azn_00408.jpg,retained,0
010_azn_00409.jpg,010_azn,2,Kazim/10azn/Mekan_05,kazim,gulnar,train,1,False,010_azn_00409.jpg,retained,0
010_azn_00410.jpg,010_azn,2,Kazim/10azn/Mekan_05,kazim,gulnar,train,1,False,010_azn_00410.jpg,retained,0
010_azn_00411.jpg,010_azn,2,Kazim/10azn/Mekan_05,kazim,gulnar,train,1,False,010_azn_00411.jpg,retained,0
010_azn_00412.jpg,010_azn,2,Kazim/10azn/Mekan_05,kazim,gulnar,train,1,False,010_azn_00412.jpg,retained,0
010_azn_00413.jpg,010_azn,2,Kazim/10azn/Mekan_05,kazim,gulnar,train,1,False,010_azn_00413.jpg,retained,0
010_azn_00414.jpg,010_azn,2,Kazim/10azn/Mekan_05,kazim,gulnar,train,1,False,010_azn_00414.jpg,retained,0
010_azn_00415.jpg,010_azn,2,Kazim/10azn/Mekan_05,kazim,gulnar,train,1,False,010_azn_00415.jpg,retained,0
020_azn_00247.jpg,020_azn,3,Hasan/20manat/Mekan_02,hasan,gulnar,train,1,False,020_azn_00247.jpg,retained,37
020_azn_00248.jpg,020_azn,3,Hasan/20manat/Mekan_02,hasan,gulnar,train,1,False,020_azn_00248.jpg,retained,37
020_azn_00249.jpg,020_azn,3,Hasan/20manat/Mekan_02,hasan,gulnar,train,1,False,020_azn_00249.jpg,retained,37
020_azn_00250.jpg,020_azn,3,Hasan/20manat/Mekan_02,hasan,gulnar,train,1,False,020_azn_00250.jpg,retained,37
020_azn_00251.jpg,020_azn,3,Hasan/20manat/Mekan_02,hasan,gulnar,pruned,1,True,020_azn_00252.jpg,near_duplicate_burst,-1
020_azn_00252.jpg,020_azn,3,Hasan/20manat/Mekan_02,hasan,gulnar,train,1,False,020_azn_00252.jpg,retained,37
020_azn_00253.jpg,020_azn,3,Hasan/20manat/Mekan_02,hasan,gulnar,pruned,1,True,020_azn_00254.jpg,near_duplicate_burst,-1
020_azn_00254.jpg,020_azn,3,Hasan/20manat/Mekan_02,hasan,gulnar,train,1,False,020_azn_00254.jpg,retained,37
020_azn_00255.jpg,020_azn,3,Hasan/20manat/Mekan_02,hasan,gulnar,pruned,1,True,020_azn_00256.jpg,near_duplicate_burst,-1
020_azn_00256.jpg,020_azn,3,Hasan/20manat/Mekan_02,hasan,gulnar,train,1,False,020_azn_00256.jpg,retained,37
020_azn_00257.jpg,020_azn,3,Hasan/20manat/Mekan_02,hasan,gulnar,train,1,False,020_azn_00257.jpg,retained,37
020_azn_00258.jpg,020_azn,3,Hasan/20manat/Mekan_02,hasan,gulnar,train,1,False,020_azn_00258.jpg,retained,37
020_azn_00259.jpg,020_azn,3,Hasan/20manat/Mekan_02,hasan,gulnar,train,1,False,020_azn_00259.jpg,retained,37
020_azn_00260.jpg,020_azn,3,Hasan/20manat/Mekan_02,hasan,gulnar,train,1,False,020_azn_00260.jpg,retained,37
020_azn_00261.jpg,020_azn,3,Hasan/20manat/Mekan_02,hasan,gulnar,pruned,1,True,020_azn_00262.jpg,near_duplicate_burst,-1
020_azn_00262.jpg,020_azn,3,Hasan/20manat/Mekan_02,hasan,gulnar,train,1,False,020_azn_00262.jpg,retained,37
020_azn_00263.jpg,020_azn,3,Hasan/20manat/Mekan_02,hasan,gulnar,train,1,False,020_azn_00263.jpg,retained,37
020_azn_00264.jpg,020_azn,3,Hasan/20manat/Mekan_02,hasan,gulnar,pruned,1,True,020_azn_00266.jpg,near_duplicate_burst,-1
020_azn_00265.jpg,020_azn,3,Hasan/20manat/Mekan_02,hasan,gulnar,pruned,1,True,020_azn_00266.jpg,near_duplicate_burst,-1
020_azn_00266.jpg,020_azn,3,Hasan/20manat/Mekan_02,hasan,gulnar,train,1,False,020_azn_00266.jpg,retained,37
020_azn_00267.jpg,020_azn,3,Hasan/20manat/Mekan_02,hasan,gulnar,pruned,1,True,020_azn_00268.jpg,near_duplicate_burst,-1
020_azn_00268.jpg,020_azn,3,Hasan/20manat/Mekan_02,hasan,gulnar,train,1,False,020_azn_00268.jpg,retained,37
020_azn_00269.jpg,020_azn,3,Hasan/20manat/Mekan_02,hasan,gulnar,train,1,False,020_azn_00269.jpg,retained,37
020_azn_00270.jpg,020_azn,3,Hasan/20manat/Mekan_02,hasan,gulnar,train,1,False,020_azn_00270.jpg,retained,37
020_azn_00271.jpg,020_azn,3,Hasan/20manat/Mekan_02,hasan,gulnar,train,1,False,020_azn_00271.jpg,retained,37
020_azn_00272.jpg,020_azn,3,Hasan/20manat/Mekan_02,hasan,gulnar,train,1,False,020_azn_00272.jpg,retained,37
020_azn_00273.jpg,020_azn,3,Hasan/20manat/Mekan_02,hasan,gulnar,pruned,1,True,020_azn_00272.jpg,near_duplicate_burst,-1
020_azn_00274.jpg,020_azn,3,Hasan/20manat/Mekan_02,hasan,gulnar,train,1,False,020_azn_00274.jpg,retained,37
020_azn_00275.jpg,020_azn,3,Hasan/20manat/Mekan_02,hasan,gulnar,train,1,False,020_azn_00275.jpg,retained,37
020_azn_00276.jpg,020_azn,3,Hasan/20manat/Mekan_02,hasan,gulnar,train,1,False,020_azn_00276.jpg,retained,37
020_azn_00277.jpg,020_azn,3,Hasan/20manat/Mekan_02,hasan,gulnar,train,1,False,020_azn_00277.jpg,retained,37
020_azn_00278.jpg,020_azn,3,Hasan/20manat/Mekan_02,hasan,gulnar,train,1,False,020_azn_00278.jpg,retained,37
020_azn_00279.jpg,020_azn,3,Hasan/20manat/Mekan_02,hasan,gulnar,train,1,False,020_azn_00279.jpg,retained,37
020_azn_00280.jpg,020_azn,3,Hasan/20manat/Mekan_02,hasan,gulnar,train,1,False,020_azn_00280.jpg,retained,37
020_azn_00281.jpg,020_azn,3,Hasan/20manat/Mekan_02,hasan,gulnar,train,1,False,020_azn_00281.jpg,retained,37
020_azn_00282.jpg,020_azn,3,Hasan/20manat/Mekan_02,hasan,gulnar,train,1,False,020_azn_00282.jpg,retained,37
020_azn_00283.jpg,020_azn,3,Hasan/20manat/Mekan_02,hasan,gulnar,train,1,False,020_azn_00283.jpg,retained,37
020_azn_00284.jpg,020_azn,3,Hasan/20manat/Mekan_02,hasan,gulnar,train,1,False,020_azn_00284.jpg,retained,37
020_azn_00285.jpg,020_azn,3,Hasan/20manat/Mekan_02,hasan,gulnar,train,1,False,020_azn_00285.jpg,retained,37
020_azn_00286.jpg,020_azn,3,Hasan/20manat/Mekan_02,hasan,gulnar,train,1,False,020_azn_00286.jpg,retained,37
020_azn_00287.jpg,020_azn,3,Hasan/20manat/Mekan_02,hasan,gulnar,train,1,False,020_azn_00287.jpg,retained,37
020_azn_00288.jpg,020_azn,3,Hasan/20manat/Mekan_02,hasan,gulnar,train,1,False,020_azn_00288.jpg,retained,37
020_azn_00289.jpg,020_azn,3,Hasan/20manat/Mekan_02,hasan,gulnar,train,1,False,020_azn_00289.jpg,retained,37
020_azn_00290.jpg,020_azn,3,Hasan/20manat/Mekan_03,hasan,gulnar,test,1,False,020_azn_00290.jpg,retained,8
020_azn_00291.jpg,020_azn,3,Hasan/20manat/Mekan_03,hasan,gulnar,test,1,False,020_azn_00291.jpg,retained,8
020_azn_00292.jpg,020_azn,3,Hasan/20manat/Mekan_03,hasan,gulnar,test,1,False,020_azn_00292.jpg,retained,8
020_azn_00293.jpg,020_azn,3,Hasan/20manat/Mekan_03,hasan,gulnar,test,1,False,020_azn_00293.jpg,retained,8
020_azn_00294.jpg,020_azn,3,Hasan/20manat/Mekan_03,hasan,gulnar,test,1,False,020_azn_00294.jpg,retained,8
020_azn_00295.jpg,020_azn,3,Hasan/20manat/Mekan_03,hasan,gulnar,test,1,False,020_azn_00295.jpg,retained,8
020_azn_00296.jpg,020_azn,3,Hasan/20manat/Mekan_03,hasan,gulnar,test,1,False,020_azn_00296.jpg,retained,8
020_azn_00297.jpg,020_azn,3,Hasan/20manat/Mekan_03,hasan,gulnar,test,1,False,020_azn_00297.jpg,retained,8
020_azn_00298.jpg,020_azn,3,Hasan/20manat/Mekan_03,hasan,gulnar,test,1,False,020_azn_00298.jpg,retained,8
020_azn_00299.jpg,020_azn,3,Hasan/20manat/Mekan_03,hasan,gulnar,test,1,False,020_azn_00299.jpg,retained,8
020_azn_00300.jpg,020_azn,3,Hasan/20manat/Mekan_03,hasan,gulnar,test,1,False,020_azn_00300.jpg,retained,8
020_azn_00301.jpg,020_azn,3,Hasan/20manat/Mekan_03,hasan,gulnar,test,1,False,020_azn_00301.jpg,retained,8
020_azn_00302.jpg,020_azn,3,Hasan/20manat/Mekan_03,hasan,gulnar,test,1,False,020_azn_00302.jpg,retained,8
020_azn_00303.jpg,020_azn,3,Hasan/20manat/Mekan_03,hasan,gulnar,test,1,False,020_azn_00303.jpg,retained,8
020_azn_00304.jpg,020_azn,3,Hasan/20manat/Mekan_03,hasan,gulnar,test,1,False,020_azn_00304.jpg,retained,8
020_azn_00305.jpg,020_azn,3,Hasan/20manat/Mekan_03,hasan,gulnar,test,1,False,020_azn_00305.jpg,retained,8
020_azn_00306.jpg,020_azn,3,Hasan/20manat/Mekan_03,hasan,gulnar,pruned,1,True,020_azn_00305.jpg,near_duplicate_burst,-1
020_azn_00307.jpg,020_azn,3,Hasan/20manat/Mekan_03,hasan,gulnar,test,1,False,020_azn_00307.jpg,retained,8
020_azn_00308.jpg,020_azn,3,Hasan/20manat/Mekan_03,hasan,gulnar,test,1,False,020_azn_00308.jpg,retained,8
020_azn_00309.jpg,020_azn,3,Hasan/20manat/Mekan_03,hasan,gulnar,test,1,False,020_azn_00309.jpg,retained,8
020_azn_00310.jpg,020_azn,3,Hasan/20manat/Mekan_03,hasan,gulnar,test,1,False,020_azn_00310.jpg,retained,8
020_azn_00311.jpg,020_azn,3,Hasan/20manat/Mekan_03,hasan,gulnar,test,1,False,020_azn_00311.jpg,retained,8
020_azn_00312.jpg,020_azn,3,Hasan/20manat/Mekan_03,hasan,gulnar,test,1,False,020_azn_00312.jpg,retained,8
020_azn_00313.jpg,020_azn,3,Hasan/20manat/Mekan_03,hasan,gulnar,test,1,False,020_azn_00313.jpg,retained,8
020_azn_00314.jpg,020_azn,3,Hasan/20manat/Mekan_03,hasan,gulnar,test,1,False,020_azn_00314.jpg,retained,8
020_azn_00315.jpg,020_azn,3,Hasan/20manat/Mekan_03,hasan,gulnar,test,1,False,020_azn_00315.jpg,retained,8
020_azn_00316.jpg,020_azn,3,Hasan/20manat/Mekan_03,hasan,gulnar,test,1,False,020_azn_00316.jpg,retained,8
020_azn_00317.jpg,020_azn,3,Hasan/20manat/Mekan_03,hasan,gulnar,test,1,False,020_azn_00317.jpg,retained,8
020_azn_00318.jpg,020_azn,3,Hasan/20manat/Mekan_03,hasan,gulnar,test,1,False,020_azn_00318.jpg,retained,8
020_azn_00319.jpg,020_azn,3,Hasan/20manat/Mekan_03,hasan,gulnar,test,1,False,020_azn_00319.jpg,retained,8
020_azn_00320.jpg,020_azn,3,Hasan/20manat/Mekan_03,hasan,gulnar,test,1,False,020_azn_00320.jpg,retained,8
020_azn_00321.jpg,020_azn,3,Hasan/20manat/Mekan_03,hasan,gulnar,test,1,False,020_azn_00321.jpg,retained,8
020_azn_00322.jpg,020_azn,3,Hasan/20manat/Mekan_03,hasan,gulnar,test,1,False,020_azn_00322.jpg,retained,8
020_azn_00323.jpg,020_azn,3,Hasan/20manat/Mekan_03,hasan,gulnar,test,1,False,020_azn_00323.jpg,retained,8
020_azn_00324.jpg,020_azn,3,Hasan/20manat/Mekan_03,hasan,gulnar,test,1,False,020_azn_00324.jpg,retained,8
020_azn_00325.jpg,020_azn,3,Hasan/20manat/Mekan_03,hasan,gulnar,test,1,False,020_azn_00325.jpg,retained,8
020_azn_00326.jpg,020_azn,3,Hasan/20manat/Mekan_03,hasan,gulnar,test,1,False,020_azn_00326.jpg,retained,8
020_azn_00327.jpg,020_azn,3,Hasan/20manat/Mekan_03,hasan,gulnar,test,1,False,020_azn_00327.jpg,retained,8
020_azn_00328.jpg,020_azn,3,Hasan/20manat/Mekan_03,hasan,gulnar,test,1,False,020_azn_00328.jpg,retained,8
020_azn_00329.jpg,020_azn,3,Hasan/20manat/Mekan_03,hasan,gulnar,test,1,False,020_azn_00329.jpg,retained,8
020_azn_00330.jpg,020_azn,3,Hasan/20manat/Mekan_03,hasan,gulnar,test,1,False,020_azn_00330.jpg,retained,8
020_azn_00331.jpg,020_azn,3,Hasan/20manat/Mekan_03,hasan,gulnar,test,1,False,020_azn_00331.jpg,retained,8
020_azn_00332.jpg,020_azn,3,Hasan/20manat/Mekan_03,hasan,gulnar,test,1,False,020_azn_00332.jpg,retained,8
020_azn_00333.jpg,020_azn,3,Hasan/20manat/Mekan_03,hasan,gulnar,test,1,False,020_azn_00333.jpg,retained,8
020_azn_00334.jpg,020_azn,3,Hasan/20manat/Mekan_03,hasan,gulnar,test,1,False,020_azn_00334.jpg,retained,8
020_azn_00335.jpg,020_azn,3,Hasan/20manat/Mekan_03,hasan,gulnar,test,1,False,020_azn_00335.jpg,retained,8
050_azn_00068.jpg,050_azn,4,Avaz1/50 manat/Mekan_05,avaz1,gulnar,train,4,False,050_azn_00068.jpg,retained,34
050_azn_00069.jpg,050_azn,4,Avaz1/50 manat/Mekan_05,avaz1,gulnar,train,1,False,050_azn_00069.jpg,retained,34
050_azn_00070.jpg,050_azn,4,Avaz1/50 manat/Mekan_05,avaz1,gulnar,train,1,False,050_azn_00070.jpg,retained,34
050_azn_00071.jpg,050_azn,4,Avaz1/50 manat/Mekan_05,avaz1,gulnar,train,1,False,050_azn_00071.jpg,retained,34
050_azn_00072.jpg,050_azn,4,Avaz1/50 manat/Mekan_05,avaz1,gulnar,train,1,False,050_azn_00072.jpg,retained,34
050_azn_00073.jpg,050_azn,4,Avaz1/50 manat/Mekan_05,avaz1,gulnar,train,1,False,050_azn_00073.jpg,retained,34
050_azn_00074.jpg,050_azn,4,Avaz1/50 manat/Mekan_05,avaz1,gulnar,train,1,False,050_azn_00074.jpg,retained,34
050_azn_00075.jpg,050_azn,4,Avaz1/50 manat/Mekan_05,avaz1,gulnar,train,1,False,050_azn_00075.jpg,retained,34
050_azn_00076.jpg,050_azn,4,Avaz1/50 manat/Mekan_05,avaz1,gulnar,train,1,False,050_azn_00076.jpg,retained,34
050_azn_00077.jpg,050_azn,4,Avaz1/50 manat/Mekan_05,avaz1,gulnar,train,1,False,050_azn_00077.jpg,retained,34
050_azn_00078.jpg,050_azn,4,Avaz1/50 manat/Mekan_05,avaz1,gulnar,train,1,False,050_azn_00078.jpg,retained,34
050_azn_00079.jpg,050_azn,4,Avaz1/50 manat/Mekan_05,avaz1,gulnar,train,1,False,050_azn_00079.jpg,retained,34
050_azn_00080.jpg,050_azn,4,Avaz1/50 manat/Mekan_05,avaz1,gulnar,train,1,False,050_azn_00080.jpg,retained,34
050_azn_00081.jpg,050_azn,4,Avaz1/50 manat/Mekan_05,avaz1,gulnar,train,1,False,050_azn_00081.jpg,retained,34
050_azn_00082.jpg,050_azn,4,Avaz1/50 manat/Mekan_05,avaz1,gulnar,train,1,False,050_azn_00082.jpg,retained,34
050_azn_00083.jpg,050_azn,4,Avaz1/50 manat/Mekan_05,avaz1,gulnar,train,1,False,050_azn_00083.jpg,retained,34
050_azn_00084.jpg,050_azn,4,Avaz1/50 manat/Mekan_05,avaz1,gulnar,train,1,False,050_azn_00084.jpg,retained,34
050_azn_00085.jpg,050_azn,4,Avaz1/50 manat/Mekan_05,avaz1,gulnar,train,1,False,050_azn_00085.jpg,retained,34
050_azn_00086.jpg,050_azn,4,Avaz1/50 manat/Mekan_05,avaz1,gulnar,train,1,False,050_azn_00086.jpg,retained,34
050_azn_00087.jpg,050_azn,4,Avaz1/50 manat/Mekan_05,avaz1,gulnar,train,1,False,050_azn_00087.jpg,retained,34
050_azn_00088.jpg,050_azn,4,Avaz1/50 manat/Mekan_05,avaz1,gulnar,train,1,False,050_azn_00088.jpg,retained,34
050_azn_00108.jpg,050_azn,4,Gulnar/random/50/Mekan_01,gulnar,gulnar,val,1,False,050_azn_00108.jpg,retained,3
050_azn_00109.jpg,050_azn,4,Gulnar/random/50/Mekan_01,gulnar,gulnar,val,1,False,050_azn_00109.jpg,retained,3
050_azn_00110.jpg,050_azn,4,Gulnar/random/50/Mekan_01,gulnar,gulnar,val,1,False,050_azn_00110.jpg,retained,3
050_azn_00111.jpg,050_azn,4,Gulnar/random/50/Mekan_01,gulnar,gulnar,val,1,False,050_azn_00111.jpg,retained,3
050_azn_00112.jpg,050_azn,4,Gulnar/random/50/Mekan_01,gulnar,gulnar,val,1,False,050_azn_00112.jpg,retained,3
050_azn_00113.jpg,050_azn,4,Gulnar/random/50/Mekan_01,gulnar,gulnar,val,1,False,050_azn_00113.jpg,retained,3
050_azn_00114.jpg,050_azn,4,Gulnar/random/50/Mekan_01,gulnar,gulnar,val,1,False,050_azn_00114.jpg,retained,3
050_azn_00115.jpg,050_azn,4,Gulnar/random/50/Mekan_01,gulnar,gulnar,val,1,False,050_azn_00115.jpg,retained,3
050_azn_00116.jpg,050_azn,4,Gulnar/random/50/Mekan_01,gulnar,gulnar,val,1,False,050_azn_00116.jpg,retained,3
050_azn_00117.jpg,050_azn,4,Gulnar/random/50/Mekan_01,gulnar,gulnar,val,1,False,050_azn_00117.jpg,retained,3
050_azn_00118.jpg,050_azn,4,Gulnar/random/50/Mekan_01,gulnar,gulnar,val,1,False,050_azn_00118.jpg,retained,3
050_azn_00119.jpg,050_azn,4,Gulnar/random/50/Mekan_01,gulnar,gulnar,val,1,False,050_azn_00119.jpg,retained,3
050_azn_00120.jpg,050_azn,4,Gulnar/random/50/Mekan_01,gulnar,gulnar,val,1,False,050_azn_00120.jpg,retained,3
050_azn_00121.jpg,050_azn,4,Gulnar/random/50/Mekan_01,gulnar,gulnar,val,1,False,050_azn_00121.jpg,retained,3
050_azn_00122.jpg,050_azn,4,Gulnar/random/50/Mekan_01,gulnar,gulnar,val,1,False,050_azn_00122.jpg,retained,3
050_azn_00123.jpg,050_azn,4,Gulnar/random/50/Mekan_01,gulnar,gulnar,val,1,False,050_azn_00123.jpg,retained,3
050_azn_00124.jpg,050_azn,4,Gulnar/random/50/Mekan_01,gulnar,gulnar,val,1,False,050_azn_00124.jpg,retained,3
050_azn_00125.jpg,050_azn,4,Gulnar/random/50/Mekan_01,gulnar,gulnar,val,1,False,050_azn_00125.jpg,retained,3
050_azn_00171.jpg,050_azn,4,Hasan/50manat/Mekan_01,hasan,gulnar,test,1,False,050_azn_00171.jpg,retained,8
050_azn_00172.jpg,050_azn,4,Hasan/50manat/Mekan_01,hasan,gulnar,test,1,False,050_azn_00172.jpg,retained,8
050_azn_00173.jpg,050_azn,4,Hasan/50manat/Mekan_01,hasan,gulnar,test,1,False,050_azn_00173.jpg,retained,8
050_azn_00174.jpg,050_azn,4,Hasan/50manat/Mekan_01,hasan,gulnar,test,1,False,050_azn_00174.jpg,retained,8
050_azn_00175.jpg,050_azn,4,Hasan/50manat/Mekan_01,hasan,gulnar,test,1,False,050_azn_00175.jpg,retained,8
050_azn_00176.jpg,050_azn,4,Hasan/50manat/Mekan_01,hasan,gulnar,test,1,False,050_azn_00176.jpg,retained,8
050_azn_00177.jpg,050_azn,4,Hasan/50manat/Mekan_01,hasan,gulnar,test,1,False,050_azn_00177.jpg,retained,8
050_azn_00178.jpg,050_azn,4,Hasan/50manat/Mekan_01,hasan,gulnar,test,1,False,050_azn_00178.jpg,retained,8
050_azn_00179.jpg,050_azn,4,Hasan/50manat/Mekan_01,hasan,gulnar,test,1,False,050_azn_00179.jpg,retained,8
050_azn_00180.jpg,050_azn,4,Hasan/50manat/Mekan_01,hasan,gulnar,test,1,False,050_azn_00180.jpg,retained,8
050_azn_00181.jpg,050_azn,4,Hasan/50manat/Mekan_01,hasan,gulnar,test,1,False,050_azn_00181.jpg,retained,8
050_azn_00182.jpg,050_azn,4,Hasan/50manat/Mekan_01,hasan,gulnar,test,1,False,050_azn_00182.jpg,retained,8
050_azn_00183.jpg,050_azn,4,Hasan/50manat/Mekan_01,hasan,gulnar,test,1,False,050_azn_00183.jpg,retained,8
050_azn_00184.jpg,050_azn,4,Hasan/50manat/Mekan_01,hasan,gulnar,test,1,False,050_azn_00184.jpg,retained,8
050_azn_00185.jpg,050_azn,4,Hasan/50manat/Mekan_01,hasan,gulnar,test,1,False,050_azn_00185.jpg,retained,8
050_azn_00186.jpg,050_azn,4,Hasan/50manat/Mekan_01,hasan,gulnar,test,1,False,050_azn_00186.jpg,retained,8
050_azn_00187.jpg,050_azn,4,Hasan/50manat/Mekan_01,hasan,gulnar,test,1,False,050_azn_00187.jpg,retained,8
050_azn_00188.jpg,050_azn,4,Hasan/50manat/Mekan_01,hasan,gulnar,test,1,False,050_azn_00188.jpg,retained,8
050_azn_00189.jpg,050_azn,4,Hasan/50manat/Mekan_01,hasan,gulnar,test,1,False,050_azn_00189.jpg,retained,8
050_azn_00190.jpg,050_azn,4,Hasan/50manat/Mekan_01,hasan,gulnar,test,1,False,050_azn_00190.jpg,retained,8
050_azn_00191.jpg,050_azn,4,Hasan/50manat/Mekan_01,hasan,gulnar,test,1,False,050_azn_00191.jpg,retained,8
050_azn_00192.jpg,050_azn,4,Hasan/50manat/Mekan_01,hasan,gulnar,test,1,False,050_azn_00192.jpg,retained,8
050_azn_00193.jpg,050_azn,4,Hasan/50manat/Mekan_01,hasan,gulnar,test,1,False,050_azn_00193.jpg,retained,8
050_azn_00194.jpg,050_azn,4,Hasan/50manat/Mekan_01,hasan,gulnar,test,1,False,050_azn_00194.jpg,retained,8
050_azn_00195.jpg,050_azn,4,Hasan/50manat/Mekan_01,hasan,gulnar,test,1,False,050_azn_00195.jpg,retained,8
050_azn_00196.jpg,050_azn,4,Hasan/50manat/Mekan_01,hasan,gulnar,test,1,False,050_azn_00196.jpg,retained,8
050_azn_00197.jpg,050_azn,4,Hasan/50manat/Mekan_01,hasan,gulnar,test,1,False,050_azn_00197.jpg,retained,8
050_azn_00198.jpg,050_azn,4,Hasan/50manat/Mekan_01,hasan,gulnar,test,1,False,050_azn_00198.jpg,retained,8
050_azn_00199.jpg,050_azn,4,Hasan/50manat/Mekan_01,hasan,gulnar,test,1,False,050_azn_00199.jpg,retained,8
050_azn_00200.jpg,050_azn,4,Hasan/50manat/Mekan_01,hasan,gulnar,test,1,False,050_azn_00200.jpg,retained,8
050_azn_00201.jpg,050_azn,4,Hasan/50manat/Mekan_01,hasan,gulnar,test,1,False,050_azn_00201.jpg,retained,8
050_azn_00202.jpg,050_azn,4,Hasan/50manat/Mekan_01,hasan,gulnar,test,1,False,050_azn_00202.jpg,retained,8
050_azn_00203.jpg,050_azn,4,Hasan/50manat/Mekan_01,hasan,gulnar,test,1,False,050_azn_00203.jpg,retained,8
050_azn_00204.jpg,050_azn,4,Hasan/50manat/Mekan_01,hasan,gulnar,test,1,False,050_azn_00204.jpg,retained,8
050_azn_00205.jpg,050_azn,4,Hasan/50manat/Mekan_01,hasan,gulnar,test,1,False,050_azn_00205.jpg,retained,8
050_azn_00206.jpg,050_azn,4,Hasan/50manat/Mekan_01,hasan,gulnar,test,1,False,050_azn_00206.jpg,retained,8
050_azn_00207.jpg,050_azn,4,Hasan/50manat/Mekan_01,hasan,gulnar,test,1,False,050_azn_00207.jpg,retained,8
050_azn_00208.jpg,050_azn,4,Hasan/50manat/Mekan_01,hasan,gulnar,test,1,False,050_azn_00208.jpg,retained,8
050_azn_00209.jpg,050_azn,4,Hasan/50manat/Mekan_01,hasan,gulnar,test,1,False,050_azn_00209.jpg,retained,8
050_azn_00210.jpg,050_azn,4,Hasan/50manat/Mekan_01,hasan,gulnar,test,1,False,050_azn_00210.jpg,retained,8
050_azn_00211.jpg,050_azn,4,Hasan/50manat/Mekan_01,hasan,gulnar,test,1,False,050_azn_00211.jpg,retained,8
100_azn_00001.jpg,100_azn,5,Avaz1/100 manat/Mekan_01,avaz1,gulnar,train,1,False,100_azn_00001.jpg,retained,2
100_azn_00002.jpg,100_azn,5,Avaz1/100 manat/Mekan_01,avaz1,gulnar,train,1,False,100_azn_00002.jpg,retained,2
100_azn_00003.jpg,100_azn,5,Avaz1/100 manat/Mekan_01,avaz1,gulnar,train,1,False,100_azn_00003.jpg,retained,2
100_azn_00004.jpg,100_azn,5,Avaz1/100 manat/Mekan_01,avaz1,gulnar,train,1,False,100_azn_00004.jpg,retained,2
100_azn_00005.jpg,100_azn,5,Avaz1/100 manat/Mekan_01,avaz1,gulnar,train,1,False,100_azn_00005.jpg,retained,2
100_azn_00006.jpg,100_azn,5,Avaz1/100 manat/Mekan_01,avaz1,gulnar,train,1,False,100_azn_00006.jpg,retained,2
100_azn_00007.jpg,100_azn,5,Avaz1/100 manat/Mekan_01,avaz1,gulnar,train,1,False,100_azn_00007.jpg,retained,2
100_azn_00008.jpg,100_azn,5,Avaz1/100 manat/Mekan_01,avaz1,gulnar,train,1,False,100_azn_00008.jpg,retained,2
100_azn_00009.jpg,100_azn,5,Avaz1/100 manat/Mekan_01,avaz1,gulnar,train,1,False,100_azn_00009.jpg,retained,2
100_azn_00010.jpg,100_azn,5,Avaz1/100 manat/Mekan_01,avaz1,gulnar,train,1,False,100_azn_00010.jpg,retained,2
100_azn_00011.jpg,100_azn,5,Avaz1/100 manat/Mekan_01,avaz1,gulnar,train,1,False,100_azn_00011.jpg,retained,2
100_azn_00012.jpg,100_azn,5,Avaz1/100 manat/Mekan_01,avaz1,gulnar,train,1,False,100_azn_00012.jpg,retained,2
100_azn_00013.jpg,100_azn,5,Avaz1/100 manat/Mekan_01,avaz1,gulnar,train,1,False,100_azn_00013.jpg,retained,2
100_azn_00014.jpg,100_azn,5,Avaz1/100 manat/Mekan_01,avaz1,gulnar,train,1,False,100_azn_00014.jpg,retained,2
100_azn_00015.jpg,100_azn,5,Avaz1/100 manat/Mekan_01,avaz1,gulnar,train,1,False,100_azn_00015.jpg,retained,2
100_azn_00016.jpg,100_azn,5,Avaz1/100 manat/Mekan_01,avaz1,gulnar,train,1,False,100_azn_00016.jpg,retained,2
100_azn_00017.jpg,100_azn,5,Avaz1/100 manat/Mekan_01,avaz1,gulnar,train,1,False,100_azn_00017.jpg,retained,2
100_azn_00018.jpg,100_azn,5,Avaz1/100 manat/Mekan_01,avaz1,gulnar,train,1,False,100_azn_00018.jpg,retained,2
100_azn_00019.jpg,100_azn,5,Avaz1/100 manat/Mekan_01,avaz1,gulnar,train,1,False,100_azn_00019.jpg,retained,2
100_azn_00020.jpg,100_azn,5,Avaz1/100 manat/Mekan_01,avaz1,gulnar,train,1,False,100_azn_00020.jpg,retained,2
100_azn_00021.jpg,100_azn,5,Avaz1/100 manat/Mekan_01,avaz1,gulnar,train,1,False,100_azn_00021.jpg,retained,2
100_azn_00022.jpg,100_azn,5,Avaz1/100 manat/Mekan_01,avaz1,gulnar,train,1,False,100_azn_00022.jpg,retained,2
100_azn_00023.jpg,100_azn,5,Avaz1/100 manat/Mekan_01,avaz1,gulnar,train,1,False,100_azn_00023.jpg,retained,2
100_azn_00110.jpg,100_azn,5,Hasan/100manat/Mekan_01,hasan,gulnar,train,1,False,100_azn_00110.jpg,retained,2
100_azn_00111.jpg,100_azn,5,Hasan/100manat/Mekan_01,hasan,gulnar,train,1,False,100_azn_00111.jpg,retained,2
100_azn_00112.jpg,100_azn,5,Hasan/100manat/Mekan_01,hasan,gulnar,train,1,False,100_azn_00112.jpg,retained,2
100_azn_00113.jpg,100_azn,5,Hasan/100manat/Mekan_01,hasan,gulnar,train,1,False,100_azn_00113.jpg,retained,2
100_azn_00114.jpg,100_azn,5,Hasan/100manat/Mekan_01,hasan,gulnar,train,1,False,100_azn_00114.jpg,retained,2
100_azn_00115.jpg,100_azn,5,Hasan/100manat/Mekan_01,hasan,gulnar,train,1,False,100_azn_00115.jpg,retained,2
100_azn_00116.jpg,100_azn,5,Hasan/100manat/Mekan_01,hasan,gulnar,train,1,False,100_azn_00116.jpg,retained,2
100_azn_00117.jpg,100_azn,5,Hasan/100manat/Mekan_01,hasan,gulnar,train,1,False,100_azn_00117.jpg,retained,2
100_azn_00118.jpg,100_azn,5,Hasan/100manat/Mekan_01,hasan,gulnar,train,1,False,100_azn_00118.jpg,retained,2
100_azn_00119.jpg,100_azn,5,Hasan/100manat/Mekan_01,hasan,gulnar,train,1,False,100_azn_00119.jpg,retained,2
100_azn_00120.jpg,100_azn,5,Hasan/100manat/Mekan_01,hasan,gulnar,train,1,False,100_azn_00120.jpg,retained,2
100_azn_00121.jpg,100_azn,5,Hasan/100manat/Mekan_01,hasan,gulnar,pruned,1,True,100_azn_00122.jpg,near_duplicate_burst,-1
100_azn_00122.jpg,100_azn,5,Hasan/100manat/Mekan_01,hasan,gulnar,train,1,False,100_azn_00122.jpg,retained,2
100_azn_00123.jpg,100_azn,5,Hasan/100manat/Mekan_01,hasan,gulnar,train,1,False,100_azn_00123.jpg,retained,2
100_azn_00124.jpg,100_azn,5,Hasan/100manat/Mekan_01,hasan,gulnar,train,1,False,100_azn_00124.jpg,retained,2
100_azn_00125.jpg,100_azn,5,Hasan/100manat/Mekan_01,hasan,gulnar,train,1,False,100_azn_00125.jpg,retained,2
100_azn_00126.jpg,100_azn,5,Hasan/100manat/Mekan_01,hasan,gulnar,train,1,False,100_azn_00126.jpg,retained,2
100_azn_00127.jpg,100_azn,5,Hasan/100manat/Mekan_01,hasan,gulnar,train,1,False,100_azn_00127.jpg,retained,2
100_azn_00128.jpg,100_azn,5,Hasan/100manat/Mekan_01,hasan,gulnar,train,1,False,100_azn_00128.jpg,retained,2
100_azn_00129.jpg,100_azn,5,Hasan/100manat/Mekan_01,hasan,gulnar,train,1,False,100_azn_00129.jpg,retained,2
100_azn_00130.jpg,100_azn,5,Hasan/100manat/Mekan_01,hasan,gulnar,train,1,False,100_azn_00130.jpg,retained,2
100_azn_00131.jpg,100_azn,5,Hasan/100manat/Mekan_01,hasan,gulnar,train,1,False,100_azn_00131.jpg,retained,2
100_azn_00132.jpg,100_azn,5,Hasan/100manat/Mekan_01,hasan,gulnar,train,1,False,100_azn_00132.jpg,retained,2
100_azn_00133.jpg,100_azn,5,Hasan/100manat/Mekan_01,hasan,gulnar,train,1,False,100_azn_00133.jpg,retained,2
100_azn_00134.jpg,100_azn,5,Hasan/100manat/Mekan_01,hasan,gulnar,pruned,1,True,100_azn_00135.jpg,near_duplicate_burst,-1
100_azn_00135.jpg,100_azn,5,Hasan/100manat/Mekan_01,hasan,gulnar,train,1,False,100_azn_00135.jpg,retained,2
100_azn_00136.jpg,100_azn,5,Hasan/100manat/Mekan_01,hasan,gulnar,train,1,False,100_azn_00136.jpg,retained,2
100_azn_00137.jpg,100_azn,5,Hasan/100manat/Mekan_01,hasan,gulnar,train,1,False,100_azn_00137.jpg,retained,2
100_azn_00138.jpg,100_azn,5,Hasan/100manat/Mekan_01,hasan,gulnar,train,1,False,100_azn_00138.jpg,retained,2
100_azn_00139.jpg,100_azn,5,Hasan/100manat/Mekan_01,hasan,gulnar,train,1,False,100_azn_00139.jpg,retained,2
100_azn_00140.jpg,100_azn,5,Hasan/100manat/Mekan_01,hasan,gulnar,pruned,1,True,100_azn_00139.jpg,near_duplicate_burst,-1
100_azn_00141.jpg,100_azn,5,Hasan/100manat/Mekan_01,hasan,gulnar,train,1,False,100_azn_00141.jpg,retained,2
100_azn_00142.jpg,100_azn,5,Hasan/100manat/Mekan_01,hasan,gulnar,train,1,False,100_azn_00142.jpg,retained,2
100_azn_00143.jpg,100_azn,5,Hasan/100manat/Mekan_01,hasan,gulnar,train,1,False,100_azn_00143.jpg,retained,2
100_azn_00144.jpg,100_azn,5,Hasan/100manat/Mekan_01,hasan,gulnar,train,1,False,100_azn_00144.jpg,retained,2
100_azn_00145.jpg,100_azn,5,Hasan/100manat/Mekan_01,hasan,gulnar,train,1,False,100_azn_00145.jpg,retained,2
100_azn_00146.jpg,100_azn,5,Hasan/100manat/Mekan_01,hasan,gulnar,train,1,False,100_azn_00146.jpg,retained,2
100_azn_00277.jpg,100_azn,5,Kazim/100azn/Mekan_04,kazim,gulnar,train,1,False,100_azn_00277.jpg,retained,5
100_azn_00278.jpg,100_azn,5,Kazim/100azn/Mekan_04,kazim,gulnar,train,1,False,100_azn_00278.jpg,retained,5
100_azn_00279.jpg,100_azn,5,Kazim/100azn/Mekan_04,kazim,gulnar,train,1,False,100_azn_00279.jpg,retained,5
100_azn_00280.jpg,100_azn,5,Kazim/100azn/Mekan_04,kazim,gulnar,train,1,False,100_azn_00280.jpg,retained,5
100_azn_00281.jpg,100_azn,5,Kazim/100azn/Mekan_04,kazim,gulnar,train,1,False,100_azn_00281.jpg,retained,5
100_azn_00282.jpg,100_azn,5,Kazim/100azn/Mekan_04,kazim,gulnar,train,1,False,100_azn_00282.jpg,retained,5
100_azn_00283.jpg,100_azn,5,Kazim/100azn/Mekan_04,kazim,gulnar,train,1,False,100_azn_00283.jpg,retained,5
100_azn_00284.jpg,100_azn,5,Kazim/100azn/Mekan_04,kazim,gulnar,train,1,False,100_azn_00284.jpg,retained,5
100_azn_00285.jpg,100_azn,5,Kazim/100azn/Mekan_04,kazim,gulnar,train,1,False,100_azn_00285.jpg,retained,5
100_azn_00286.jpg,100_azn,5,Kazim/100azn/Mekan_04,kazim,gulnar,train,1,False,100_azn_00286.jpg,retained,5
100_azn_00287.jpg,100_azn,5,Kazim/100azn/Mekan_04,kazim,gulnar,train,1,False,100_azn_00287.jpg,retained,5
100_azn_00288.jpg,100_azn,5,Kazim/100azn/Mekan_04,kazim,gulnar,train,1,False,100_azn_00288.jpg,retained,5
100_azn_00289.jpg,100_azn,5,Kazim/100azn/Mekan_04,kazim,gulnar,train,1,False,100_azn_00289.jpg,retained,5
100_azn_00290.jpg,100_azn,5,Kazim/100azn/Mekan_04,kazim,gulnar,train,1,False,100_azn_00290.jpg,retained,5
100_azn_00291.jpg,100_azn,5,Kazim/100azn/Mekan_04,kazim,gulnar,train,1,False,100_azn_00291.jpg,retained,5
100_azn_00292.jpg,100_azn,5,Kazim/100azn/Mekan_04,kazim,gulnar,train,1,False,100_azn_00292.jpg,retained,5
100_azn_00293.jpg,100_azn,5,Kazim/100azn/Mekan_04,kazim,gulnar,train,1,False,100_azn_00293.jpg,retained,5
100_azn_00294.jpg,100_azn,5,Kazim/100azn/Mekan_04,kazim,gulnar,train,1,False,100_azn_00294.jpg,retained,5
100_azn_00295.jpg,100_azn,5,Kazim/100azn/Mekan_04,kazim,gulnar,train,1,False,100_azn_00295.jpg,retained,5
100_azn_00296.jpg,100_azn,5,Kazim/100azn/Mekan_04,kazim,gulnar,train,1,False,100_azn_00296.jpg,retained,5
100_azn_00297.jpg,100_azn,5,Kazim/100azn/Mekan_04,kazim,gulnar,train,1,False,100_azn_00297.jpg,retained,5
100_azn_00298.jpg,100_azn,5,Kazim/100azn/Mekan_04,kazim,gulnar,train,1,False,100_azn_00298.jpg,retained,5
100_azn_00299.jpg,100_azn,5,Kazim/100azn/Mekan_04,kazim,gulnar,train,1,False,100_azn_00299.jpg,retained,5
100_azn_00300.jpg,100_azn,5,Kazim/100azn/Mekan_04,kazim,gulnar,train,1,False,100_azn_00300.jpg,retained,5
100_azn_00301.jpg,100_azn,5,Kazim/100azn/Mekan_04,kazim,gulnar,train,1,False,100_azn_00301.jpg,retained,5
100_azn_00302.jpg,100_azn,5,Kazim/100azn/Mekan_04,kazim,gulnar,train,1,False,100_azn_00302.jpg,retained,5
100_azn_00303.jpg,100_azn,5,Kazim/100azn/Mekan_04,kazim,gulnar,train,1,False,100_azn_00303.jpg,retained,5
100_azn_00304.jpg,100_azn,5,Kazim/100azn/Mekan_04,kazim,gulnar,train,1,False,100_azn_00304.jpg,retained,5
100_azn_00305.jpg,100_azn,5,Kazim/100azn/Mekan_04,kazim,gulnar,train,1,False,100_azn_00305.jpg,retained,5
100_azn_00306.jpg,100_azn,5,Kazim/100azn/Mekan_04,kazim,gulnar,train,1,False,100_azn_00306.jpg,retained,5
100_azn_00336.jpg,100_azn,5,Kazim/100azn/Mekan_05,kazim,gulnar,val,1,False,100_azn_00336.jpg,retained,44
100_azn_00337.jpg,100_azn,5,Kazim/100azn/Mekan_05,kazim,gulnar,val,1,False,100_azn_00337.jpg,retained,44
100_azn_00338.jpg,100_azn,5,Kazim/100azn/Mekan_05,kazim,gulnar,val,1,False,100_azn_00338.jpg,retained,44
100_azn_00339.jpg,100_azn,5,Kazim/100azn/Mekan_05,kazim,gulnar,val,1,False,100_azn_00339.jpg,retained,44
100_azn_00340.jpg,100_azn,5,Kazim/100azn/Mekan_05,kazim,gulnar,val,1,False,100_azn_00340.jpg,retained,44
100_azn_00341.jpg,100_azn,5,Kazim/100azn/Mekan_05,kazim,gulnar,val,1,False,100_azn_00341.jpg,retained,44
100_azn_00342.jpg,100_azn,5,Kazim/100azn/Mekan_06,kazim,gulnar,test,1,False,100_azn_00342.jpg,retained,33
100_azn_00343.jpg,100_azn,5,Kazim/100azn/Mekan_06,kazim,gulnar,test,1,False,100_azn_00343.jpg,retained,33
100_azn_00344.jpg,100_azn,5,Kazim/100azn/Mekan_06,kazim,gulnar,test,1,False,100_azn_00344.jpg,retained,33
100_azn_00345.jpg,100_azn,5,Kazim/100azn/Mekan_06,kazim,gulnar,test,1,False,100_azn_00345.jpg,retained,33
200_azn_00001.jpg,200_azn,6,Avaz1/200 azn/Mekan_01,avaz1,gulnar,test,1,False,200_azn_00001.jpg,retained,29
200_azn_00002.jpg,200_azn,6,Avaz1/200 azn/Mekan_01,avaz1,gulnar,test,1,False,200_azn_00002.jpg,retained,29
200_azn_00003.jpg,200_azn,6,Avaz1/200 azn/Mekan_01,avaz1,gulnar,test,1,False,200_azn_00003.jpg,retained,29
200_azn_00004.jpg,200_azn,6,Avaz1/200 azn/Mekan_01,avaz1,gulnar,test,1,False,200_azn_00004.jpg,retained,29
200_azn_00005.jpg,200_azn,6,Avaz1/200 azn/Mekan_01,avaz1,gulnar,test,1,False,200_azn_00005.jpg,retained,29
200_azn_00006.jpg,200_azn,6,Avaz1/200 azn/Mekan_01,avaz1,gulnar,test,1,False,200_azn_00006.jpg,retained,29
200_azn_00007.jpg,200_azn,6,Avaz1/200 azn/Mekan_01,avaz1,gulnar,test,1,False,200_azn_00007.jpg,retained,29
200_azn_00008.jpg,200_azn,6,Avaz1/200 azn/Mekan_01,avaz1,gulnar,test,1,False,200_azn_00008.jpg,retained,29
200_azn_00009.jpg,200_azn,6,Avaz1/200 azn/Mekan_01,avaz1,gulnar,test,1,False,200_azn_00009.jpg,retained,29
200_azn_00010.jpg,200_azn,6,Avaz1/200 azn/Mekan_01,avaz1,gulnar,test,1,False,200_azn_00010.jpg,retained,29
200_azn_00011.jpg,200_azn,6,Avaz1/200 azn/Mekan_01,avaz1,gulnar,test,1,False,200_azn_00011.jpg,retained,29
200_azn_00012.jpg,200_azn,6,Avaz1/200 azn/Mekan_01,avaz1,gulnar,test,1,False,200_azn_00012.jpg,retained,29
200_azn_00013.jpg,200_azn,6,Avaz1/200 azn/Mekan_01,avaz1,gulnar,test,1,False,200_azn_00013.jpg,retained,29
200_azn_00014.jpg,200_azn,6,Avaz1/200 azn/Mekan_01,avaz1,gulnar,test,1,False,200_azn_00014.jpg,retained,29
200_azn_00015.jpg,200_azn,6,Avaz1/200 azn/Mekan_01,avaz1,gulnar,test,1,False,200_azn_00015.jpg,retained,29
200_azn_00016.jpg,200_azn,6,Avaz1/200 azn/Mekan_01,avaz1,gulnar,test,1,False,200_azn_00016.jpg,retained,29
200_azn_00017.jpg,200_azn,6,Avaz1/200 azn/Mekan_01,avaz1,gulnar,test,1,False,200_azn_00017.jpg,retained,29
200_azn_00018.jpg,200_azn,6,Avaz1/200 azn/Mekan_01,avaz1,gulnar,test,1,False,200_azn_00018.jpg,retained,29
200_azn_00019.jpg,200_azn,6,Avaz1/200 azn/Mekan_01,avaz1,gulnar,test,1,False,200_azn_00019.jpg,retained,29
200_azn_00020.jpg,200_azn,6,Avaz1/200 azn/Mekan_01,avaz1,gulnar,test,1,False,200_azn_00020.jpg,retained,29
200_azn_00021.jpg,200_azn,6,Avaz1/200 azn/Mekan_01,avaz1,gulnar,test,2,False,200_azn_00021.jpg,retained,29
200_azn_00029.jpg,200_azn,6,Gulnar/200/Mekan_01,gulnar,gulnar,test,1,False,200_azn_00029.jpg,retained,31
200_azn_00030.jpg,200_azn,6,Gulnar/200/Mekan_01,gulnar,gulnar,test,1,False,200_azn_00030.jpg,retained,31
200_azn_00031.jpg,200_azn,6,Gulnar/200/Mekan_01,gulnar,gulnar,test,1,False,200_azn_00031.jpg,retained,31
200_azn_00032.jpg,200_azn,6,Gulnar/200/Mekan_01,gulnar,gulnar,test,1,False,200_azn_00032.jpg,retained,31
200_azn_00033.jpg,200_azn,6,Gulnar/200/Mekan_01,gulnar,gulnar,test,1,False,200_azn_00033.jpg,retained,31
200_azn_00034.jpg,200_azn,6,Gulnar/200/Mekan_01,gulnar,gulnar,test,1,False,200_azn_00034.jpg,retained,31
200_azn_00035.jpg,200_azn,6,Gulnar/200/Mekan_01,gulnar,gulnar,test,1,False,200_azn_00035.jpg,retained,31
200_azn_00036.jpg,200_azn,6,Gulnar/200/Mekan_01,gulnar,gulnar,test,1,False,200_azn_00036.jpg,retained,31
200_azn_00037.jpg,200_azn,6,Gulnar/200/Mekan_01,gulnar,gulnar,test,1,False,200_azn_00037.jpg,retained,31
200_azn_00038.jpg,200_azn,6,Gulnar/200/Mekan_01,gulnar,gulnar,test,1,False,200_azn_00038.jpg,retained,31
200_azn_00089.jpg,200_azn,6,Gulnar/200/Mekan_04,gulnar,gulnar,train,1,False,200_azn_00089.jpg,retained,6
200_azn_00090.jpg,200_azn,6,Gulnar/200/Mekan_04,gulnar,gulnar,train,1,False,200_azn_00090.jpg,retained,6
200_azn_00091.jpg,200_azn,6,Gulnar/200/Mekan_04,gulnar,gulnar,train,1,False,200_azn_00091.jpg,retained,6
200_azn_00092.jpg,200_azn,6,Gulnar/200/Mekan_04,gulnar,gulnar,train,1,False,200_azn_00092.jpg,retained,6
200_azn_00093.jpg,200_azn,6,Gulnar/200/Mekan_04,gulnar,gulnar,train,1,False,200_azn_00093.jpg,retained,6
200_azn_00094.jpg,200_azn,6,Gulnar/200/Mekan_04,gulnar,gulnar,train,1,False,200_azn_00094.jpg,retained,6
200_azn_00095.jpg,200_azn,6,Gulnar/200/Mekan_04,gulnar,gulnar,train,1,False,200_azn_00095.jpg,retained,6
200_azn_00096.jpg,200_azn,6,Gulnar/200/Mekan_04,gulnar,gulnar,train,1,False,200_azn_00096.jpg,retained,6
200_azn_00097.jpg,200_azn,6,Gulnar/200/Mekan_04,gulnar,gulnar,train,1,False,200_azn_00097.jpg,retained,6
200_azn_00098.jpg,200_azn,6,Gulnar/200/Mekan_04,gulnar,gulnar,train,1,False,200_azn_00098.jpg,retained,6
200_azn_00099.jpg,200_azn,6,Gulnar/200/Mekan_04,gulnar,gulnar,train,1,False,200_azn_00099.jpg,retained,6
200_azn_00100.jpg,200_azn,6,Gulnar/200/Mekan_04,gulnar,gulnar,train,1,False,200_azn_00100.jpg,retained,6
200_azn_00101.jpg,200_azn,6,Gulnar/200/Mekan_04,gulnar,gulnar,train,1,False,200_azn_00101.jpg,retained,6
200_azn_00102.jpg,200_azn,6,Gulnar/200/Mekan_04,gulnar,gulnar,train,1,False,200_azn_00102.jpg,retained,6
200_azn_00103.jpg,200_azn,6,Gulnar/200/Mekan_04,gulnar,gulnar,train,1,False,200_azn_00103.jpg,retained,6
200_azn_00104.jpg,200_azn,6,Gulnar/200/Mekan_04,gulnar,gulnar,train,1,False,200_azn_00104.jpg,retained,6
200_azn_00105.jpg,200_azn,6,Gulnar/200/Mekan_04,gulnar,gulnar,train,1,False,200_azn_00105.jpg,retained,6
200_azn_00106.jpg,200_azn,6,Gulnar/200/Mekan_04,gulnar,gulnar,train,1,False,200_azn_00106.jpg,retained,6
200_azn_00107.jpg,200_azn,6,Gulnar/200/Mekan_04,gulnar,gulnar,train,1,False,200_azn_00107.jpg,retained,6
200_azn_00108.jpg,200_azn,6,Gulnar/200/Mekan_04,gulnar,gulnar,pruned,1,True,200_azn_00107.jpg,near_duplicate_burst,-1
200_azn_00109.jpg,200_azn,6,Gulnar/200/Mekan_04,gulnar,gulnar,train,1,False,200_azn_00109.jpg,retained,6
200_azn_00110.jpg,200_azn,6,Gulnar/200/Mekan_04,gulnar,gulnar,train,1,False,200_azn_00110.jpg,retained,6
200_azn_00111.jpg,200_azn,6,Gulnar/200/Mekan_04,gulnar,gulnar,train,1,False,200_azn_00111.jpg,retained,6
200_azn_00112.jpg,200_azn,6,Gulnar/200/Mekan_04,gulnar,gulnar,train,1,False,200_azn_00112.jpg,retained,6
200_azn_00113.jpg,200_azn,6,Gulnar/200/Mekan_04,gulnar,gulnar,train,1,False,200_azn_00113.jpg,retained,6
200_azn_00114.jpg,200_azn,6,Gulnar/200/Mekan_04,gulnar,gulnar,train,1,False,200_azn_00114.jpg,retained,6
200_azn_00115.jpg,200_azn,6,Gulnar/200/Mekan_04,gulnar,gulnar,train,1,False,200_azn_00115.jpg,retained,6
200_azn_00116.jpg,200_azn,6,Gulnar/200/Mekan_04,gulnar,gulnar,train,1,False,200_azn_00116.jpg,retained,6
200_azn_00117.jpg,200_azn,6,Gulnar/200/Mekan_04,gulnar,gulnar,train,1,False,200_azn_00117.jpg,retained,6
200_azn_00118.jpg,200_azn,6,Gulnar/200/Mekan_04,gulnar,gulnar,train,1,False,200_azn_00118.jpg,retained,6
200_azn_00119.jpg,200_azn,6,Gulnar/200/Mekan_04,gulnar,gulnar,train,1,False,200_azn_00119.jpg,retained,6
200_azn_00120.jpg,200_azn,6,Gulnar/200/Mekan_04,gulnar,gulnar,train,1,False,200_azn_00120.jpg,retained,6
200_azn_00121.jpg,200_azn,6,Gulnar/200/Mekan_04,gulnar,gulnar,train,1,False,200_azn_00121.jpg,retained,6
200_azn_00122.jpg,200_azn,6,Gulnar/200/Mekan_04,gulnar,gulnar,train,1,False,200_azn_00122.jpg,retained,6
200_azn_00123.jpg,200_azn,6,Gulnar/200/Mekan_04,gulnar,gulnar,train,1,False,200_azn_00123.jpg,retained,6
200_azn_00124.jpg,200_azn,6,Gulnar/200/Mekan_04,gulnar,gulnar,train,1,False,200_azn_00124.jpg,retained,6
200_azn_00125.jpg,200_azn,6,Gulnar/200/Mekan_04,gulnar,gulnar,train,1,False,200_azn_00125.jpg,retained,6
200_azn_00126.jpg,200_azn,6,Gulnar/200/Mekan_04,gulnar,gulnar,train,1,False,200_azn_00126.jpg,retained,6
200_azn_00127.jpg,200_azn,6,Gulnar/200/Mekan_04,gulnar,gulnar,train,1,False,200_azn_00127.jpg,retained,6
001_azn_00003.jpg,001_azn,0,Avaz1/1 azn/Mekan_02,avaz1,hasan,test,1,False,001_azn_00003.jpg,retained,39
001_azn_00004.jpg,001_azn,0,Avaz1/1 azn/Mekan_02,avaz1,hasan,test,1,False,001_azn_00004.jpg,retained,39
001_azn_00005.jpg,001_azn,0,Avaz1/1 azn/Mekan_02,avaz1,hasan,test,1,False,001_azn_00005.jpg,retained,39
001_azn_00006.jpg,001_azn,0,Avaz1/1 azn/Mekan_02,avaz1,hasan,test,1,False,001_azn_00006.jpg,retained,39
001_azn_00007.jpg,001_azn,0,Avaz1/1 azn/Mekan_02,avaz1,hasan,test,1,False,001_azn_00007.jpg,retained,39
001_azn_00008.jpg,001_azn,0,Avaz1/1 azn/Mekan_02,avaz1,hasan,test,1,False,001_azn_00008.jpg,retained,39
001_azn_00009.jpg,001_azn,0,Avaz1/1 azn/Mekan_02,avaz1,hasan,test,1,False,001_azn_00009.jpg,retained,39
001_azn_00010.jpg,001_azn,0,Avaz1/1 azn/Mekan_02,avaz1,hasan,test,1,False,001_azn_00010.jpg,retained,39
001_azn_00011.jpg,001_azn,0,Avaz1/1 azn/Mekan_02,avaz1,hasan,test,1,False,001_azn_00011.jpg,retained,39
001_azn_00012.jpg,001_azn,0,Avaz1/1 azn/Mekan_02,avaz1,hasan,test,1,False,001_azn_00012.jpg,retained,39
001_azn_00013.jpg,001_azn,0,Avaz1/1 azn/Mekan_02,avaz1,hasan,test,1,False,001_azn_00013.jpg,retained,39
001_azn_00014.jpg,001_azn,0,Avaz1/1 azn/Mekan_02,avaz1,hasan,test,1,False,001_azn_00014.jpg,retained,39
001_azn_00075.jpg,001_azn,0,Avaz1/1 azn/Mekan_05,avaz1,hasan,val,1,False,001_azn_00075.jpg,retained,26
001_azn_00076.jpg,001_azn,0,Avaz1/1 azn/Mekan_05,avaz1,hasan,val,1,False,001_azn_00076.jpg,retained,26
001_azn_00077.jpg,001_azn,0,Avaz1/1 azn/Mekan_05,avaz1,hasan,val,1,False,001_azn_00077.jpg,retained,26
001_azn_00078.jpg,001_azn,0,Avaz1/1 azn/Mekan_05,avaz1,hasan,val,1,False,001_azn_00078.jpg,retained,26
001_azn_00079.jpg,001_azn,0,Avaz1/1 azn/Mekan_05,avaz1,hasan,val,1,False,001_azn_00079.jpg,retained,26
001_azn_00080.jpg,001_azn,0,Avaz1/1 azn/Mekan_05,avaz1,hasan,val,1,False,001_azn_00080.jpg,retained,26
001_azn_00081.jpg,001_azn,0,Avaz1/1 azn/Mekan_05,avaz1,hasan,val,1,False,001_azn_00081.jpg,retained,26
001_azn_00082.jpg,001_azn,0,Avaz1/1 azn/Mekan_05,avaz1,hasan,val,1,False,001_azn_00082.jpg,retained,26
001_azn_00083.jpg,001_azn,0,Avaz1/1 azn/Mekan_05,avaz1,hasan,pruned,1,True,001_azn_00082.jpg,near_duplicate_burst,-1
001_azn_00084.jpg,001_azn,0,Avaz1/1 azn/Mekan_05,avaz1,hasan,val,1,False,001_azn_00084.jpg,retained,26
001_azn_00085.jpg,001_azn,0,Avaz1/1 azn/Mekan_05,avaz1,hasan,val,1,False,001_azn_00085.jpg,retained,26
001_azn_00086.jpg,001_azn,0,Avaz1/1 azn/Mekan_05,avaz1,hasan,val,1,False,001_azn_00086.jpg,retained,26
001_azn_00087.jpg,001_azn,0,Avaz1/1 azn/Mekan_05,avaz1,hasan,pruned,0,True,,unannotated_empty_label,-1
001_azn_00088.jpg,001_azn,0,Avaz1/1 azn/Mekan_05,avaz1,hasan,val,1,False,001_azn_00088.jpg,retained,26
001_azn_00089.jpg,001_azn,0,Avaz1/1 azn/Mekan_05,avaz1,hasan,val,1,False,001_azn_00089.jpg,retained,26
001_azn_00090.jpg,001_azn,0,Avaz1/1 azn/Mekan_05,avaz1,hasan,val,1,False,001_azn_00090.jpg,retained,26
001_azn_00091.jpg,001_azn,0,Avaz1/1 azn/Mekan_05,avaz1,hasan,val,1,False,001_azn_00091.jpg,retained,26
001_azn_00092.jpg,001_azn,0,Avaz1/1 azn/Mekan_05,avaz1,hasan,val,1,False,001_azn_00092.jpg,retained,26
001_azn_00093.jpg,001_azn,0,Avaz1/1 azn/Mekan_05,avaz1,hasan,val,1,False,001_azn_00093.jpg,retained,26
001_azn_00094.jpg,001_azn,0,Avaz1/1 azn/Mekan_05,avaz1,hasan,val,1,False,001_azn_00094.jpg,retained,26
001_azn_00095.jpg,001_azn,0,Avaz1/1 azn/Mekan_05,avaz1,hasan,val,1,False,001_azn_00095.jpg,retained,26
001_azn_00096.jpg,001_azn,0,Avaz1/1 azn/Mekan_05,avaz1,hasan,val,1,False,001_azn_00096.jpg,retained,26
001_azn_00170.jpg,001_azn,0,Gulnar/doseme/1/Mekan_02,gulnar,hasan,test,1,False,001_azn_00170.jpg,retained,10
001_azn_00171.jpg,001_azn,0,Gulnar/doseme/1/Mekan_02,gulnar,hasan,test,1,False,001_azn_00171.jpg,retained,10
001_azn_00172.jpg,001_azn,0,Gulnar/doseme/1/Mekan_02,gulnar,hasan,test,1,False,001_azn_00172.jpg,retained,10
001_azn_00173.jpg,001_azn,0,Gulnar/doseme/1/Mekan_02,gulnar,hasan,test,1,False,001_azn_00173.jpg,retained,10
001_azn_00174.jpg,001_azn,0,Gulnar/doseme/1/Mekan_02,gulnar,hasan,test,1,False,001_azn_00174.jpg,retained,10
001_azn_00175.jpg,001_azn,0,Gulnar/doseme/1/Mekan_02,gulnar,hasan,test,1,False,001_azn_00175.jpg,retained,10
001_azn_00176.jpg,001_azn,0,Gulnar/doseme/1/Mekan_02,gulnar,hasan,test,1,False,001_azn_00176.jpg,retained,10
001_azn_00177.jpg,001_azn,0,Gulnar/doseme/1/Mekan_02,gulnar,hasan,test,1,False,001_azn_00177.jpg,retained,10
001_azn_00178.jpg,001_azn,0,Gulnar/doseme/1/Mekan_02,gulnar,hasan,test,1,False,001_azn_00178.jpg,retained,10
001_azn_00179.jpg,001_azn,0,Gulnar/doseme/1/Mekan_02,gulnar,hasan,test,1,False,001_azn_00179.jpg,retained,10
001_azn_00180.jpg,001_azn,0,Gulnar/doseme/1/Mekan_02,gulnar,hasan,test,1,False,001_azn_00180.jpg,retained,10
001_azn_00181.jpg,001_azn,0,Gulnar/doseme/1/Mekan_02,gulnar,hasan,test,1,False,001_azn_00181.jpg,retained,10
001_azn_00182.jpg,001_azn,0,Gulnar/doseme/1/Mekan_02,gulnar,hasan,test,1,False,001_azn_00182.jpg,retained,10
001_azn_00183.jpg,001_azn,0,Gulnar/doseme/1/Mekan_02,gulnar,hasan,test,1,False,001_azn_00183.jpg,retained,10
001_azn_00184.jpg,001_azn,0,Gulnar/doseme/1/Mekan_02,gulnar,hasan,test,1,False,001_azn_00184.jpg,retained,10
001_azn_00185.jpg,001_azn,0,Gulnar/doseme/1/Mekan_02,gulnar,hasan,test,1,False,001_azn_00185.jpg,retained,10
001_azn_00186.jpg,001_azn,0,Gulnar/doseme/1/Mekan_02,gulnar,hasan,test,1,False,001_azn_00186.jpg,retained,10
001_azn_00187.jpg,001_azn,0,Gulnar/doseme/1/Mekan_02,gulnar,hasan,test,1,False,001_azn_00187.jpg,retained,10
001_azn_00188.jpg,001_azn,0,Gulnar/doseme/1/Mekan_02,gulnar,hasan,test,1,False,001_azn_00188.jpg,retained,10
001_azn_00189.jpg,001_azn,0,Gulnar/doseme/1/Mekan_02,gulnar,hasan,test,1,False,001_azn_00189.jpg,retained,10
001_azn_00190.jpg,001_azn,0,Gulnar/doseme/1/Mekan_02,gulnar,hasan,test,1,False,001_azn_00190.jpg,retained,10
001_azn_00191.jpg,001_azn,0,Gulnar/doseme/1/Mekan_02,gulnar,hasan,test,1,False,001_azn_00191.jpg,retained,10
001_azn_00192.jpg,001_azn,0,Gulnar/doseme/1/Mekan_02,gulnar,hasan,test,1,False,001_azn_00192.jpg,retained,10
001_azn_00193.jpg,001_azn,0,Gulnar/doseme/1/Mekan_02,gulnar,hasan,test,1,False,001_azn_00193.jpg,retained,10
001_azn_00194.jpg,001_azn,0,Gulnar/doseme/1/Mekan_02,gulnar,hasan,test,1,False,001_azn_00194.jpg,retained,10
001_azn_00195.jpg,001_azn,0,Gulnar/doseme/1/Mekan_02,gulnar,hasan,test,1,False,001_azn_00195.jpg,retained,10
001_azn_00196.jpg,001_azn,0,Gulnar/doseme/1/Mekan_02,gulnar,hasan,test,1,False,001_azn_00196.jpg,retained,10
001_azn_00197.jpg,001_azn,0,Gulnar/doseme/1/Mekan_02,gulnar,hasan,test,1,False,001_azn_00197.jpg,retained,10
001_azn_00198.jpg,001_azn,0,Gulnar/doseme/1/Mekan_02,gulnar,hasan,test,1,False,001_azn_00198.jpg,retained,10
001_azn_00199.jpg,001_azn,0,Gulnar/doseme/1/Mekan_02,gulnar,hasan,test,1,False,001_azn_00199.jpg,retained,10
001_azn_00223.jpg,001_azn,0,Gulnar/random/1/Mekan_02,gulnar,hasan,val,1,False,001_azn_00223.jpg,retained,9
001_azn_00224.jpg,001_azn,0,Gulnar/random/1/Mekan_02,gulnar,hasan,val,1,False,001_azn_00224.jpg,retained,9
001_azn_00225.jpg,001_azn,0,Gulnar/random/1/Mekan_02,gulnar,hasan,val,1,False,001_azn_00225.jpg,retained,9
001_azn_00226.jpg,001_azn,0,Gulnar/random/1/Mekan_02,gulnar,hasan,val,1,False,001_azn_00226.jpg,retained,9
001_azn_00227.jpg,001_azn,0,Gulnar/random/1/Mekan_02,gulnar,hasan,val,1,False,001_azn_00227.jpg,retained,9
001_azn_00228.jpg,001_azn,0,Gulnar/random/1/Mekan_02,gulnar,hasan,val,1,False,001_azn_00228.jpg,retained,9
001_azn_00273.jpg,001_azn,0,Hasan/1manat/Mekan_03,hasan,hasan,train,1,False,001_azn_00273.jpg,retained,4
001_azn_00274.jpg,001_azn,0,Hasan/1manat/Mekan_03,hasan,hasan,train,1,False,001_azn_00274.jpg,retained,4
001_azn_00275.jpg,001_azn,0,Hasan/1manat/Mekan_03,hasan,hasan,train,1,False,001_azn_00275.jpg,retained,4
001_azn_00276.jpg,001_azn,0,Hasan/1manat/Mekan_03,hasan,hasan,train,1,False,001_azn_00276.jpg,retained,4
001_azn_00277.jpg,001_azn,0,Hasan/1manat/Mekan_03,hasan,hasan,train,1,False,001_azn_00277.jpg,retained,4
001_azn_00278.jpg,001_azn,0,Hasan/1manat/Mekan_03,hasan,hasan,train,1,False,001_azn_00278.jpg,retained,4
001_azn_00279.jpg,001_azn,0,Hasan/1manat/Mekan_03,hasan,hasan,train,1,False,001_azn_00279.jpg,retained,4
001_azn_00280.jpg,001_azn,0,Hasan/1manat/Mekan_03,hasan,hasan,train,1,False,001_azn_00280.jpg,retained,4
001_azn_00281.jpg,001_azn,0,Hasan/1manat/Mekan_03,hasan,hasan,train,1,False,001_azn_00281.jpg,retained,4
001_azn_00282.jpg,001_azn,0,Hasan/1manat/Mekan_03,hasan,hasan,train,1,False,001_azn_00282.jpg,retained,4
001_azn_00283.jpg,001_azn,0,Hasan/1manat/Mekan_03,hasan,hasan,train,1,False,001_azn_00283.jpg,retained,4
001_azn_00284.jpg,001_azn,0,Hasan/1manat/Mekan_03,hasan,hasan,train,1,False,001_azn_00284.jpg,retained,4
001_azn_00285.jpg,001_azn,0,Hasan/1manat/Mekan_03,hasan,hasan,train,1,False,001_azn_00285.jpg,retained,4
001_azn_00286.jpg,001_azn,0,Hasan/1manat/Mekan_03,hasan,hasan,train,1,False,001_azn_00286.jpg,retained,4
001_azn_00287.jpg,001_azn,0,Hasan/1manat/Mekan_03,hasan,hasan,train,1,False,001_azn_00287.jpg,retained,4
001_azn_00288.jpg,001_azn,0,Hasan/1manat/Mekan_03,hasan,hasan,train,1,False,001_azn_00288.jpg,retained,4
001_azn_00289.jpg,001_azn,0,Hasan/1manat/Mekan_03,hasan,hasan,train,1,False,001_azn_00289.jpg,retained,4
001_azn_00290.jpg,001_azn,0,Hasan/1manat/Mekan_03,hasan,hasan,train,1,False,001_azn_00290.jpg,retained,4
001_azn_00291.jpg,001_azn,0,Hasan/1manat/Mekan_03,hasan,hasan,train,1,False,001_azn_00291.jpg,retained,4
001_azn_00292.jpg,001_azn,0,Hasan/1manat/Mekan_03,hasan,hasan,train,1,False,001_azn_00292.jpg,retained,4
001_azn_00293.jpg,001_azn,0,Hasan/1manat/Mekan_03,hasan,hasan,train,1,False,001_azn_00293.jpg,retained,4
001_azn_00294.jpg,001_azn,0,Hasan/1manat/Mekan_03,hasan,hasan,train,1,False,001_azn_00294.jpg,retained,4
001_azn_00295.jpg,001_azn,0,Hasan/1manat/Mekan_03,hasan,hasan,train,1,False,001_azn_00295.jpg,retained,4
001_azn_00296.jpg,001_azn,0,Hasan/1manat/Mekan_03,hasan,hasan,train,1,False,001_azn_00296.jpg,retained,4
001_azn_00297.jpg,001_azn,0,Hasan/1manat/Mekan_03,hasan,hasan,train,1,False,001_azn_00297.jpg,retained,4
001_azn_00298.jpg,001_azn,0,Hasan/1manat/Mekan_03,hasan,hasan,train,1,False,001_azn_00298.jpg,retained,4
001_azn_00299.jpg,001_azn,0,Hasan/1manat/Mekan_03,hasan,hasan,train,1,False,001_azn_00299.jpg,retained,4
001_azn_00300.jpg,001_azn,0,Hasan/1manat/Mekan_03,hasan,hasan,train,1,False,001_azn_00300.jpg,retained,4
001_azn_00301.jpg,001_azn,0,Hasan/1manat/Mekan_03,hasan,hasan,train,1,False,001_azn_00301.jpg,retained,4
001_azn_00302.jpg,001_azn,0,Hasan/1manat/Mekan_03,hasan,hasan,train,1,False,001_azn_00302.jpg,retained,4
001_azn_00303.jpg,001_azn,0,Hasan/1manat/Mekan_03,hasan,hasan,train,1,False,001_azn_00303.jpg,retained,4
001_azn_00304.jpg,001_azn,0,Hasan/1manat/Mekan_03,hasan,hasan,train,1,False,001_azn_00304.jpg,retained,4
001_azn_00305.jpg,001_azn,0,Hasan/1manat/Mekan_03,hasan,hasan,train,1,False,001_azn_00305.jpg,retained,4
001_azn_00306.jpg,001_azn,0,Hasan/1manat/Mekan_03,hasan,hasan,train,1,False,001_azn_00306.jpg,retained,4
001_azn_00307.jpg,001_azn,0,Hasan/1manat/Mekan_03,hasan,hasan,train,1,False,001_azn_00307.jpg,retained,4
001_azn_00308.jpg,001_azn,0,Hasan/1manat/Mekan_03,hasan,hasan,train,1,False,001_azn_00308.jpg,retained,4
001_azn_00309.jpg,001_azn,0,Hasan/1manat/Mekan_03,hasan,hasan,train,1,False,001_azn_00309.jpg,retained,4
001_azn_00310.jpg,001_azn,0,Hasan/1manat/Mekan_03,hasan,hasan,train,1,False,001_azn_00310.jpg,retained,4
001_azn_00311.jpg,001_azn,0,Hasan/1manat/Mekan_03,hasan,hasan,train,1,False,001_azn_00311.jpg,retained,4
001_azn_00312.jpg,001_azn,0,Hasan/1manat/Mekan_03,hasan,hasan,train,1,False,001_azn_00312.jpg,retained,4
001_azn_00313.jpg,001_azn,0,Hasan/1manat/Mekan_03,hasan,hasan,train,1,False,001_azn_00313.jpg,retained,4
001_azn_00314.jpg,001_azn,0,Hasan/1manat/Mekan_03,hasan,hasan,train,1,False,001_azn_00314.jpg,retained,4
005_azn_00144.jpg,005_azn,1,Avaz1/5 manat/Mekan_05,avaz1,hasan,test,1,False,005_azn_00144.jpg,retained,50
005_azn_00145.jpg,005_azn,1,Avaz1/5 manat/Mekan_05,avaz1,hasan,test,1,False,005_azn_00145.jpg,retained,50
005_azn_00146.jpg,005_azn,1,Avaz1/5 manat/Mekan_05,avaz1,hasan,test,1,False,005_azn_00146.jpg,retained,50
005_azn_00147.jpg,005_azn,1,Avaz1/5 manat/Mekan_05,avaz1,hasan,test,1,False,005_azn_00147.jpg,retained,50
005_azn_00148.jpg,005_azn,1,Avaz1/5 manat/Mekan_05,avaz1,hasan,test,1,False,005_azn_00148.jpg,retained,50
005_azn_00149.jpg,005_azn,1,Avaz1/5 manat/Mekan_05,avaz1,hasan,test,1,False,005_azn_00149.jpg,retained,50
005_azn_00150.jpg,005_azn,1,Avaz1/5 manat/Mekan_05,avaz1,hasan,test,1,False,005_azn_00150.jpg,retained,50
005_azn_00151.jpg,005_azn,1,Avaz1/5 manat/Mekan_05,avaz1,hasan,test,1,False,005_azn_00151.jpg,retained,50
005_azn_00152.jpg,005_azn,1,Avaz1/5 manat/Mekan_05,avaz1,hasan,test,1,False,005_azn_00152.jpg,retained,50
005_azn_00153.jpg,005_azn,1,Avaz1/5 manat/Mekan_05,avaz1,hasan,test,1,False,005_azn_00153.jpg,retained,50
005_azn_00154.jpg,005_azn,1,Avaz1/5 manat/Mekan_05,avaz1,hasan,test,1,False,005_azn_00154.jpg,retained,50
005_azn_00155.jpg,005_azn,1,Avaz1/5 manat/Mekan_05,avaz1,hasan,test,1,False,005_azn_00155.jpg,retained,50
005_azn_00156.jpg,005_azn,1,Avaz1/5 manat/Mekan_05,avaz1,hasan,test,1,False,005_azn_00156.jpg,retained,50
005_azn_00157.jpg,005_azn,1,Avaz1/5 manat/Mekan_05,avaz1,hasan,test,1,False,005_azn_00157.jpg,retained,50
005_azn_00158.jpg,005_azn,1,Avaz1/5 manat/Mekan_05,avaz1,hasan,test,1,False,005_azn_00158.jpg,retained,50
005_azn_00159.jpg,005_azn,1,Avaz1/5 manat/Mekan_05,avaz1,hasan,test,1,False,005_azn_00159.jpg,retained,50
005_azn_00160.jpg,005_azn,1,Avaz1/5 manat/Mekan_05,avaz1,hasan,test,1,False,005_azn_00160.jpg,retained,50
005_azn_00161.jpg,005_azn,1,Avaz1/5 manat/Mekan_05,avaz1,hasan,test,1,False,005_azn_00161.jpg,retained,50
005_azn_00162.jpg,005_azn,1,Avaz1/5 manat/Mekan_05,avaz1,hasan,test,1,False,005_azn_00162.jpg,retained,50
005_azn_00163.jpg,005_azn,1,Avaz1/5 manat/Mekan_05,avaz1,hasan,pruned,4,True,050_azn_00068.jpg,exact_duplicate,-1
005_azn_00164.jpg,005_azn,1,Avaz1/5 manat/Mekan_05,avaz1,hasan,pruned,1,True,050_azn_00069.jpg,exact_duplicate,-1
005_azn_00165.jpg,005_azn,1,Avaz1/5 manat/Mekan_05,avaz1,hasan,pruned,1,True,050_azn_00070.jpg,exact_duplicate,-1
005_azn_00252.jpg,005_azn,1,Avaz1/5 manat,avaz1,hasan,train,1,False,005_azn_00252.jpg,retained,0
005_azn_00253.jpg,005_azn,1,Avaz1/5 manat,avaz1,hasan,train,1,False,005_azn_00253.jpg,retained,0
005_azn_00254.jpg,005_azn,1,Avaz1/5 manat,avaz1,hasan,train,1,False,005_azn_00254.jpg,retained,0
005_azn_00255.jpg,005_azn,1,Avaz1/5 manat,avaz1,hasan,train,1,False,005_azn_00255.jpg,retained,0
005_azn_00256.jpg,005_azn,1,Avaz1/5 manat,avaz1,hasan,train,1,False,005_azn_00256.jpg,retained,0
005_azn_00257.jpg,005_azn,1,Avaz1/5 manat,avaz1,hasan,train,1,False,005_azn_00257.jpg,retained,0
005_azn_00258.jpg,005_azn,1,Avaz1/5 manat,avaz1,hasan,train,1,False,005_azn_00258.jpg,retained,0
005_azn_00259.jpg,005_azn,1,Avaz1/5 manat,avaz1,hasan,train,1,False,005_azn_00259.jpg,retained,0
005_azn_00260.jpg,005_azn,1,Avaz1/5 manat,avaz1,hasan,train,1,False,005_azn_00260.jpg,retained,0
005_azn_00261.jpg,005_azn,1,Avaz1/5 manat,avaz1,hasan,train,1,False,005_azn_00261.jpg,retained,0
005_azn_00262.jpg,005_azn,1,Avaz1/5 manat,avaz1,hasan,train,1,False,005_azn_00262.jpg,retained,0
005_azn_00263.jpg,005_azn,1,Avaz1/5 manat,avaz1,hasan,train,1,False,005_azn_00263.jpg,retained,0
005_azn_00264.jpg,005_azn,1,Avaz1/5 manat,avaz1,hasan,train,1,False,005_azn_00264.jpg,retained,0
005_azn_00265.jpg,005_azn,1,Avaz1/5 manat,avaz1,hasan,train,1,False,005_azn_00265.jpg,retained,0
005_azn_00266.jpg,005_azn,1,Avaz1/5 manat,avaz1,hasan,train,1,False,005_azn_00266.jpg,retained,0
005_azn_00267.jpg,005_azn,1,Avaz1/5 manat,avaz1,hasan,train,1,False,005_azn_00267.jpg,retained,0
005_azn_00268.jpg,005_azn,1,Avaz1/5 manat,avaz1,hasan,train,1,False,005_azn_00268.jpg,retained,0
005_azn_00269.jpg,005_azn,1,Avaz1/5 manat,avaz1,hasan,train,1,False,005_azn_00269.jpg,retained,0
005_azn_00270.jpg,005_azn,1,Avaz1/5 manat,avaz1,hasan,train,1,False,005_azn_00270.jpg,retained,0
005_azn_00271.jpg,005_azn,1,Avaz1/5 manat,avaz1,hasan,train,1,False,005_azn_00271.jpg,retained,0
005_azn_00272.jpg,005_azn,1,Avaz1/5 manat,avaz1,hasan,train,1,False,005_azn_00272.jpg,retained,0
005_azn_00273.jpg,005_azn,1,Avaz1/5 manat,avaz1,hasan,train,1,False,005_azn_00273.jpg,retained,0
005_azn_00274.jpg,005_azn,1,Avaz1/5 manat,avaz1,hasan,train,1,False,005_azn_00274.jpg,retained,0
005_azn_00275.jpg,005_azn,1,Avaz1/5 manat,avaz1,hasan,train,1,False,005_azn_00275.jpg,retained,0
005_azn_00276.jpg,005_azn,1,Avaz1/5 manat,avaz1,hasan,train,1,False,005_azn_00276.jpg,retained,0
005_azn_00277.jpg,005_azn,1,Avaz1/5 manat,avaz1,hasan,train,1,False,005_azn_00277.jpg,retained,0
005_azn_00278.jpg,005_azn,1,Avaz1/5 manat,avaz1,hasan,train,1,False,005_azn_00278.jpg,retained,0
005_azn_00279.jpg,005_azn,1,Avaz1/5 manat,avaz1,hasan,train,1,False,005_azn_00279.jpg,retained,0
005_azn_00280.jpg,005_azn,1,Avaz1/5 manat,avaz1,hasan,train,1,False,005_azn_00280.jpg,retained,0
005_azn_00281.jpg,005_azn,1,Avaz1/5 manat,avaz1,hasan,train,1,False,005_azn_00281.jpg,retained,0
005_azn_00282.jpg,005_azn,1,Avaz1/5 manat,avaz1,hasan,train,1,False,005_azn_00282.jpg,retained,0
005_azn_00283.jpg,005_azn,1,Avaz1/5 manat,avaz1,hasan,train,1,False,005_azn_00283.jpg,retained,0
005_azn_00284.jpg,005_azn,1,Avaz1/5 manat,avaz1,hasan,train,1,False,005_azn_00284.jpg,retained,0
005_azn_00285.jpg,005_azn,1,Avaz1/5 manat,avaz1,hasan,train,1,False,005_azn_00285.jpg,retained,0
005_azn_00286.jpg,005_azn,1,Avaz1/5 manat,avaz1,hasan,train,1,False,005_azn_00286.jpg,retained,0
005_azn_00287.jpg,005_azn,1,Avaz1/5 manat,avaz1,hasan,train,1,False,005_azn_00287.jpg,retained,0
005_azn_00288.jpg,005_azn,1,Avaz1/5 manat,avaz1,hasan,train,1,False,005_azn_00288.jpg,retained,0
005_azn_00289.jpg,005_azn,1,Avaz1/5 manat,avaz1,hasan,train,1,False,005_azn_00289.jpg,retained,0
005_azn_00290.jpg,005_azn,1,Avaz1/5 manat,avaz1,hasan,train,1,False,005_azn_00290.jpg,retained,0
005_azn_00291.jpg,005_azn,1,Avaz1/5 manat,avaz1,hasan,pruned,0,True,,unannotated_empty_label,-1
005_azn_00292.jpg,005_azn,1,Avaz1/5 manat,avaz1,hasan,pruned,0,True,,unannotated_empty_label,-1
005_azn_00293.jpg,005_azn,1,Avaz1/5 manat,avaz1,hasan,pruned,0,True,,unannotated_empty_label,-1
005_azn_00294.jpg,005_azn,1,Avaz1/5 manat,avaz1,hasan,train,1,False,005_azn_00294.jpg,retained,0
005_azn_00295.jpg,005_azn,1,Avaz1/5 manat,avaz1,hasan,train,1,False,005_azn_00295.jpg,retained,0
005_azn_00296.jpg,005_azn,1,Avaz1/5 manat,avaz1,hasan,train,1,False,005_azn_00296.jpg,retained,0
005_azn_00297.jpg,005_azn,1,Avaz1/5 manat,avaz1,hasan,train,1,False,005_azn_00297.jpg,retained,0
005_azn_00298.jpg,005_azn,1,Avaz1/5 manat,avaz1,hasan,train,1,False,005_azn_00298.jpg,retained,0
005_azn_00299.jpg,005_azn,1,Avaz1/5 manat,avaz1,hasan,train,1,False,005_azn_00299.jpg,retained,0
005_azn_00300.jpg,005_azn,1,Avaz1/5 manat,avaz1,hasan,train,1,False,005_azn_00300.jpg,retained,0
005_azn_00301.jpg,005_azn,1,Avaz1/5 manat,avaz1,hasan,train,1,False,005_azn_00301.jpg,retained,0
005_azn_00302.jpg,005_azn,1,Avaz1/5 manat,avaz1,hasan,train,1,False,005_azn_00302.jpg,retained,0
005_azn_00303.jpg,005_azn,1,Avaz1/5 manat,avaz1,hasan,train,1,False,005_azn_00303.jpg,retained,0
005_azn_00304.jpg,005_azn,1,Avaz1/5 manat,avaz1,hasan,train,1,False,005_azn_00304.jpg,retained,0
010_azn_00239.jpg,010_azn,2,Hasan/10manat/Mekan_01,hasan,hasan,train,1,False,010_azn_00239.jpg,retained,4
010_azn_00240.jpg,010_azn,2,Hasan/10manat/Mekan_01,hasan,hasan,train,1,False,010_azn_00240.jpg,retained,4
010_azn_00241.jpg,010_azn,2,Hasan/10manat/Mekan_01,hasan,hasan,train,1,False,010_azn_00241.jpg,retained,4
010_azn_00242.jpg,010_azn,2,Hasan/10manat/Mekan_01,hasan,hasan,train,1,False,010_azn_00242.jpg,retained,4
010_azn_00243.jpg,010_azn,2,Hasan/10manat/Mekan_01,hasan,hasan,train,1,False,010_azn_00243.jpg,retained,4
010_azn_00244.jpg,010_azn,2,Hasan/10manat/Mekan_01,hasan,hasan,train,1,False,010_azn_00244.jpg,retained,4
010_azn_00245.jpg,010_azn,2,Hasan/10manat/Mekan_01,hasan,hasan,train,1,False,010_azn_00245.jpg,retained,4
010_azn_00246.jpg,010_azn,2,Hasan/10manat/Mekan_01,hasan,hasan,train,1,False,010_azn_00246.jpg,retained,4
010_azn_00247.jpg,010_azn,2,Hasan/10manat/Mekan_01,hasan,hasan,train,1,False,010_azn_00247.jpg,retained,4
010_azn_00248.jpg,010_azn,2,Hasan/10manat/Mekan_01,hasan,hasan,train,1,False,010_azn_00248.jpg,retained,4
010_azn_00249.jpg,010_azn,2,Hasan/10manat/Mekan_01,hasan,hasan,train,1,False,010_azn_00249.jpg,retained,4
010_azn_00250.jpg,010_azn,2,Hasan/10manat/Mekan_01,hasan,hasan,train,1,False,010_azn_00250.jpg,retained,4
010_azn_00251.jpg,010_azn,2,Hasan/10manat/Mekan_01,hasan,hasan,train,1,False,010_azn_00251.jpg,retained,4
010_azn_00252.jpg,010_azn,2,Hasan/10manat/Mekan_01,hasan,hasan,train,1,False,010_azn_00252.jpg,retained,4
010_azn_00253.jpg,010_azn,2,Hasan/10manat/Mekan_01,hasan,hasan,train,1,False,010_azn_00253.jpg,retained,4
010_azn_00254.jpg,010_azn,2,Hasan/10manat/Mekan_01,hasan,hasan,train,1,False,010_azn_00254.jpg,retained,4
010_azn_00255.jpg,010_azn,2,Hasan/10manat/Mekan_01,hasan,hasan,train,1,False,010_azn_00255.jpg,retained,4
010_azn_00256.jpg,010_azn,2,Hasan/10manat/Mekan_01,hasan,hasan,train,1,False,010_azn_00256.jpg,retained,4
010_azn_00257.jpg,010_azn,2,Hasan/10manat/Mekan_01,hasan,hasan,train,1,False,010_azn_00257.jpg,retained,4
010_azn_00258.jpg,010_azn,2,Hasan/10manat/Mekan_01,hasan,hasan,train,1,False,010_azn_00258.jpg,retained,4
010_azn_00259.jpg,010_azn,2,Hasan/10manat/Mekan_01,hasan,hasan,train,1,False,010_azn_00259.jpg,retained,4
010_azn_00260.jpg,010_azn,2,Hasan/10manat/Mekan_01,hasan,hasan,train,1,False,010_azn_00260.jpg,retained,4
010_azn_00261.jpg,010_azn,2,Hasan/10manat/Mekan_01,hasan,hasan,train,1,False,010_azn_00261.jpg,retained,4
010_azn_00262.jpg,010_azn,2,Hasan/10manat/Mekan_01,hasan,hasan,train,1,False,010_azn_00262.jpg,retained,4
010_azn_00263.jpg,010_azn,2,Hasan/10manat/Mekan_01,hasan,hasan,train,1,False,010_azn_00263.jpg,retained,4
010_azn_00264.jpg,010_azn,2,Hasan/10manat/Mekan_01,hasan,hasan,train,1,False,010_azn_00264.jpg,retained,4
010_azn_00265.jpg,010_azn,2,Hasan/10manat/Mekan_01,hasan,hasan,train,1,False,010_azn_00265.jpg,retained,4
010_azn_00266.jpg,010_azn,2,Hasan/10manat/Mekan_01,hasan,hasan,train,1,False,010_azn_00266.jpg,retained,4
010_azn_00267.jpg,010_azn,2,Hasan/10manat/Mekan_01,hasan,hasan,train,1,False,010_azn_00267.jpg,retained,4
010_azn_00268.jpg,010_azn,2,Hasan/10manat/Mekan_01,hasan,hasan,train,1,False,010_azn_00268.jpg,retained,4
010_azn_00269.jpg,010_azn,2,Hasan/10manat/Mekan_01,hasan,hasan,train,1,False,010_azn_00269.jpg,retained,4
010_azn_00270.jpg,010_azn,2,Hasan/10manat/Mekan_01,hasan,hasan,train,1,False,010_azn_00270.jpg,retained,4
010_azn_00271.jpg,010_azn,2,Hasan/10manat/Mekan_01,hasan,hasan,train,1,False,010_azn_00271.jpg,retained,4
010_azn_00272.jpg,010_azn,2,Hasan/10manat/Mekan_01,hasan,hasan,train,1,False,010_azn_00272.jpg,retained,4
010_azn_00273.jpg,010_azn,2,Hasan/10manat/Mekan_01,hasan,hasan,train,1,False,010_azn_00273.jpg,retained,4
010_azn_00274.jpg,010_azn,2,Hasan/10manat/Mekan_01,hasan,hasan,train,1,False,010_azn_00274.jpg,retained,4
010_azn_00275.jpg,010_azn,2,Hasan/10manat/Mekan_01,hasan,hasan,train,1,False,010_azn_00275.jpg,retained,4
010_azn_00276.jpg,010_azn,2,Hasan/10manat/Mekan_01,hasan,hasan,train,1,False,010_azn_00276.jpg,retained,4
010_azn_00277.jpg,010_azn,2,Hasan/10manat/Mekan_01,hasan,hasan,train,1,False,010_azn_00277.jpg,retained,4
010_azn_00278.jpg,010_azn,2,Hasan/10manat/Mekan_01,hasan,hasan,train,1,False,010_azn_00278.jpg,retained,4
010_azn_00354.jpg,010_azn,2,Kazim/10azn/Mekan_02,kazim,hasan,val,1,False,010_azn_00354.jpg,retained,36
010_azn_00355.jpg,010_azn,2,Kazim/10azn/Mekan_02,kazim,hasan,val,1,False,010_azn_00355.jpg,retained,36
010_azn_00356.jpg,010_azn,2,Kazim/10azn/Mekan_02,kazim,hasan,val,1,False,010_azn_00356.jpg,retained,36
010_azn_00357.jpg,010_azn,2,Kazim/10azn/Mekan_02,kazim,hasan,val,1,False,010_azn_00357.jpg,retained,36
010_azn_00358.jpg,010_azn,2,Kazim/10azn/Mekan_02,kazim,hasan,val,1,False,010_azn_00358.jpg,retained,36
010_azn_00359.jpg,010_azn,2,Kazim/10azn/Mekan_02,kazim,hasan,val,1,False,010_azn_00359.jpg,retained,36
010_azn_00360.jpg,010_azn,2,Kazim/10azn/Mekan_02,kazim,hasan,val,1,False,010_azn_00360.jpg,retained,36
010_azn_00361.jpg,010_azn,2,Kazim/10azn/Mekan_02,kazim,hasan,val,1,False,010_azn_00361.jpg,retained,36
010_azn_00362.jpg,010_azn,2,Kazim/10azn/Mekan_02,kazim,hasan,val,1,False,010_azn_00362.jpg,retained,36
010_azn_00363.jpg,010_azn,2,Kazim/10azn/Mekan_02,kazim,hasan,val,1,False,010_azn_00363.jpg,retained,36
010_azn_00374.jpg,010_azn,2,Kazim/10azn/Mekan_04,kazim,hasan,val,1,False,010_azn_00374.jpg,retained,12
010_azn_00375.jpg,010_azn,2,Kazim/10azn/Mekan_04,kazim,hasan,val,1,False,010_azn_00375.jpg,retained,12
010_azn_00376.jpg,010_azn,2,Kazim/10azn/Mekan_04,kazim,hasan,val,1,False,010_azn_00376.jpg,retained,12
010_azn_00377.jpg,010_azn,2,Kazim/10azn/Mekan_04,kazim,hasan,val,1,False,010_azn_00377.jpg,retained,12
010_azn_00378.jpg,010_azn,2,Kazim/10azn/Mekan_04,kazim,hasan,val,1,False,010_azn_00378.jpg,retained,12
010_azn_00379.jpg,010_azn,2,Kazim/10azn/Mekan_04,kazim,hasan,val,1,False,010_azn_00379.jpg,retained,12
010_azn_00380.jpg,010_azn,2,Kazim/10azn/Mekan_04,kazim,hasan,val,1,False,010_azn_00380.jpg,retained,12
010_azn_00381.jpg,010_azn,2,Kazim/10azn/Mekan_04,kazim,hasan,val,1,False,010_azn_00381.jpg,retained,12
010_azn_00382.jpg,010_azn,2,Kazim/10azn/Mekan_04,kazim,hasan,val,1,False,010_azn_00382.jpg,retained,12
010_azn_00383.jpg,010_azn,2,Kazim/10azn/Mekan_04,kazim,hasan,val,1,False,010_azn_00383.jpg,retained,12
010_azn_00384.jpg,010_azn,2,Kazim/10azn/Mekan_04,kazim,hasan,val,1,False,010_azn_00384.jpg,retained,12
010_azn_00385.jpg,010_azn,2,Kazim/10azn/Mekan_04,kazim,hasan,val,1,False,010_azn_00385.jpg,retained,12
010_azn_00416.jpg,010_azn,2,Kazim/10azn/Mekan_05,kazim,hasan,train,1,False,010_azn_00416.jpg,retained,0
010_azn_00417.jpg,010_azn,2,Kazim/10azn/Mekan_05,kazim,hasan,train,1,False,010_azn_00417.jpg,retained,0
010_azn_00418.jpg,010_azn,2,Kazim/10azn/Mekan_05,kazim,hasan,train,1,False,010_azn_00418.jpg,retained,0
010_azn_00419.jpg,010_azn,2,Kazim/10azn/Mekan_05,kazim,hasan,train,1,False,010_azn_00419.jpg,retained,0
010_azn_00420.jpg,010_azn,2,Kazim/10azn/Mekan_05,kazim,hasan,train,1,False,010_azn_00420.jpg,retained,0
010_azn_00421.jpg,010_azn,2,Kazim/10azn/Mekan_05,kazim,hasan,train,1,False,010_azn_00421.jpg,retained,0
010_azn_00422.jpg,010_azn,2,Kazim/10azn/Mekan_05,kazim,hasan,train,1,False,010_azn_00422.jpg,retained,0
010_azn_00423.jpg,010_azn,2,Kazim/10azn/Mekan_05,kazim,hasan,train,1,False,010_azn_00423.jpg,retained,0
010_azn_00424.jpg,010_azn,2,Kazim/10azn/Mekan_05,kazim,hasan,train,1,False,010_azn_00424.jpg,retained,0
010_azn_00425.jpg,010_azn,2,Kazim/10azn/Mekan_05,kazim,hasan,train,1,False,010_azn_00425.jpg,retained,0
010_azn_00426.jpg,010_azn,2,Kazim/10azn/Mekan_05,kazim,hasan,train,1,False,010_azn_00426.jpg,retained,0
010_azn_00427.jpg,010_azn,2,Kazim/10azn/Mekan_05,kazim,hasan,train,1,False,010_azn_00427.jpg,retained,0
010_azn_00428.jpg,010_azn,2,Kazim/10azn/Mekan_05,kazim,hasan,train,1,False,010_azn_00428.jpg,retained,0
010_azn_00429.jpg,010_azn,2,Kazim/10azn/Mekan_05,kazim,hasan,train,1,False,010_azn_00429.jpg,retained,0
010_azn_00430.jpg,010_azn,2,Kazim/10azn/Mekan_05,kazim,hasan,train,1,False,010_azn_00430.jpg,retained,0
010_azn_00431.jpg,010_azn,2,Kazim/10azn/Mekan_05,kazim,hasan,train,1,False,010_azn_00431.jpg,retained,0
010_azn_00432.jpg,010_azn,2,Kazim/10azn/Mekan_05,kazim,hasan,train,1,False,010_azn_00432.jpg,retained,0
010_azn_00433.jpg,010_azn,2,Kazim/10azn/Mekan_05,kazim,hasan,train,1,False,010_azn_00433.jpg,retained,0
010_azn_00434.jpg,010_azn,2,Kazim/10azn/Mekan_05,kazim,hasan,train,1,False,010_azn_00434.jpg,retained,0
010_azn_00435.jpg,010_azn,2,Kazim/10azn/Mekan_05,kazim,hasan,train,1,False,010_azn_00435.jpg,retained,0
010_azn_00436.jpg,010_azn,2,Kazim/10azn/Mekan_05,kazim,hasan,train,1,False,010_azn_00436.jpg,retained,0
010_azn_00437.jpg,010_azn,2,Kazim/10azn/Mekan_05,kazim,hasan,train,1,False,010_azn_00437.jpg,retained,0
010_azn_00438.jpg,010_azn,2,Kazim/10azn/Mekan_05,kazim,hasan,train,1,False,010_azn_00438.jpg,retained,0
010_azn_00439.jpg,010_azn,2,Kazim/10azn/Mekan_05,kazim,hasan,train,1,False,010_azn_00439.jpg,retained,0
010_azn_00440.jpg,010_azn,2,Kazim/10azn/Mekan_05,kazim,hasan,train,1,False,010_azn_00440.jpg,retained,0
010_azn_00441.jpg,010_azn,2,Kazim/10azn/Mekan_05,kazim,hasan,train,1,False,010_azn_00441.jpg,retained,0
010_azn_00442.jpg,010_azn,2,Kazim/10azn/Mekan_05,kazim,hasan,train,1,False,010_azn_00442.jpg,retained,0
010_azn_00443.jpg,010_azn,2,Kazim/10azn/Mekan_05,kazim,hasan,train,1,False,010_azn_00443.jpg,retained,0
010_azn_00444.jpg,010_azn,2,Kazim/10azn/Mekan_05,kazim,hasan,train,1,False,010_azn_00444.jpg,retained,0
010_azn_00445.jpg,010_azn,2,Kazim/10azn/Mekan_05,kazim,hasan,train,1,False,010_azn_00445.jpg,retained,0
010_azn_00446.jpg,010_azn,2,Kazim/10azn/Mekan_06,kazim,hasan,test,1,False,010_azn_00446.jpg,retained,22
010_azn_00447.jpg,010_azn,2,Avaz1/10,avaz1,hasan,test,1,False,010_azn_00447.jpg,retained,41
010_azn_00448.jpg,010_azn,2,Avaz1/10,avaz1,hasan,test,1,False,010_azn_00448.jpg,retained,41
010_azn_00449.jpg,010_azn,2,Avaz1/10,avaz1,hasan,test,1,False,010_azn_00449.jpg,retained,41
010_azn_00450.jpg,010_azn,2,Avaz1/10,avaz1,hasan,test,1,False,010_azn_00450.jpg,retained,41
010_azn_00451.jpg,010_azn,2,Avaz1/10,avaz1,hasan,test,1,False,010_azn_00451.jpg,retained,41
010_azn_00452.jpg,010_azn,2,Avaz1/10,avaz1,hasan,test,1,False,010_azn_00452.jpg,retained,41
010_azn_00453.jpg,010_azn,2,Avaz1/10,avaz1,hasan,test,1,False,010_azn_00453.jpg,retained,41
010_azn_00454.jpg,010_azn,2,Avaz1/10,avaz1,hasan,test,1,False,010_azn_00454.jpg,retained,41
010_azn_00455.jpg,010_azn,2,Avaz1/10,avaz1,hasan,test,1,False,010_azn_00455.jpg,retained,41
010_azn_00456.jpg,010_azn,2,Avaz1/10,avaz1,hasan,test,1,False,010_azn_00456.jpg,retained,41
010_azn_00457.jpg,010_azn,2,Avaz1/10,avaz1,hasan,test,1,False,010_azn_00457.jpg,retained,41
010_azn_00458.jpg,010_azn,2,Avaz1/10,avaz1,hasan,test,1,False,010_azn_00458.jpg,retained,41
010_azn_00459.jpg,010_azn,2,Avaz1/10,avaz1,hasan,test,1,False,010_azn_00459.jpg,retained,41
010_azn_00460.jpg,010_azn,2,Avaz1/10,avaz1,hasan,test,1,False,010_azn_00460.jpg,retained,41
010_azn_00461.jpg,010_azn,2,Avaz1/10,avaz1,hasan,test,1,False,010_azn_00461.jpg,retained,41
010_azn_00462.jpg,010_azn,2,Avaz1/10,avaz1,hasan,test,1,False,010_azn_00462.jpg,retained,41
010_azn_00463.jpg,010_azn,2,Avaz1/10,avaz1,hasan,pruned,1,True,010_azn_00054.jpg,near_duplicate_burst,-1
010_azn_00464.jpg,010_azn,2,Avaz1/10,avaz1,hasan,test,1,False,010_azn_00464.jpg,retained,41
010_azn_00465.jpg,010_azn,2,Avaz1/10,avaz1,hasan,test,1,False,010_azn_00465.jpg,retained,41
010_azn_00466.jpg,010_azn,2,Avaz1/10,avaz1,hasan,test,1,False,010_azn_00466.jpg,retained,41
010_azn_00467.jpg,010_azn,2,Avaz1/10,avaz1,hasan,test,1,False,010_azn_00467.jpg,retained,41
010_azn_00468.jpg,010_azn,2,Avaz1/10,avaz1,hasan,test,1,False,010_azn_00468.jpg,retained,41
010_azn_00469.jpg,010_azn,2,Avaz1/10,avaz1,hasan,test,1,False,010_azn_00469.jpg,retained,41
010_azn_00470.jpg,010_azn,2,Avaz1/10,avaz1,hasan,pruned,0,True,,unannotated_empty_label,-1
010_azn_00471.jpg,010_azn,2,Avaz1/10,avaz1,hasan,test,1,False,010_azn_00471.jpg,retained,41
010_azn_00472.jpg,010_azn,2,Avaz1/10,avaz1,hasan,test,1,False,010_azn_00472.jpg,retained,41
010_azn_00473.jpg,010_azn,2,Avaz1/10,avaz1,hasan,pruned,0,True,,unannotated_empty_label,-1
010_azn_00474.jpg,010_azn,2,Avaz1/10,avaz1,hasan,test,1,False,010_azn_00474.jpg,retained,41
010_azn_00475.jpg,010_azn,2,Avaz1/10,avaz1,hasan,test,1,False,010_azn_00475.jpg,retained,41
010_azn_00476.jpg,010_azn,2,Avaz1/10,avaz1,hasan,test,1,False,010_azn_00476.jpg,retained,41
020_azn_00021.jpg,020_azn,3,Gulnar/random/20/Mekan_01,gulnar,hasan,val,1,False,020_azn_00021.jpg,retained,3
020_azn_00022.jpg,020_azn,3,Gulnar/random/20/Mekan_01,gulnar,hasan,val,1,False,020_azn_00022.jpg,retained,3
020_azn_00023.jpg,020_azn,3,Gulnar/random/20/Mekan_01,gulnar,hasan,val,1,False,020_azn_00023.jpg,retained,3
020_azn_00024.jpg,020_azn,3,Gulnar/random/20/Mekan_01,gulnar,hasan,val,1,False,020_azn_00024.jpg,retained,3
020_azn_00025.jpg,020_azn,3,Gulnar/random/20/Mekan_01,gulnar,hasan,val,3,False,020_azn_00025.jpg,retained,3
020_azn_00026.jpg,020_azn,3,Gulnar/random/20/Mekan_01,gulnar,hasan,val,2,False,020_azn_00026.jpg,retained,3
020_azn_00027.jpg,020_azn,3,Gulnar/random/20/Mekan_01,gulnar,hasan,val,2,False,020_azn_00027.jpg,retained,3
020_azn_00028.jpg,020_azn,3,Gulnar/random/20/Mekan_01,gulnar,hasan,val,2,False,020_azn_00028.jpg,retained,3
020_azn_00029.jpg,020_azn,3,Gulnar/random/20/Mekan_01,gulnar,hasan,val,1,False,020_azn_00029.jpg,retained,3
020_azn_00030.jpg,020_azn,3,Gulnar/random/20/Mekan_01,gulnar,hasan,val,1,False,020_azn_00030.jpg,retained,3
020_azn_00031.jpg,020_azn,3,Gulnar/random/20/Mekan_01,gulnar,hasan,val,1,False,020_azn_00031.jpg,retained,3
020_azn_00032.jpg,020_azn,3,Gulnar/random/20/Mekan_01,gulnar,hasan,val,1,False,020_azn_00032.jpg,retained,3
020_azn_00033.jpg,020_azn,3,Gulnar/random/20/Mekan_01,gulnar,hasan,val,1,False,020_azn_00033.jpg,retained,3
020_azn_00034.jpg,020_azn,3,Gulnar/random/20/Mekan_01,gulnar,hasan,val,1,False,020_azn_00034.jpg,retained,3
020_azn_00035.jpg,020_azn,3,Gulnar/random/20/Mekan_01,gulnar,hasan,pruned,1,True,020_azn_00036.jpg,near_duplicate_burst,-1
020_azn_00036.jpg,020_azn,3,Gulnar/random/20/Mekan_01,gulnar,hasan,val,1,False,020_azn_00036.jpg,retained,3
020_azn_00037.jpg,020_azn,3,Gulnar/random/20/Mekan_01,gulnar,hasan,val,1,False,020_azn_00037.jpg,retained,3
020_azn_00038.jpg,020_azn,3,Gulnar/random/20/Mekan_01,gulnar,hasan,val,1,False,020_azn_00038.jpg,retained,3
020_azn_00039.jpg,020_azn,3,Gulnar/random/20/Mekan_01,gulnar,hasan,val,1,False,020_azn_00039.jpg,retained,3
020_azn_00040.jpg,020_azn,3,Gulnar/random/20/Mekan_01,gulnar,hasan,val,1,False,020_azn_00040.jpg,retained,3
020_azn_00041.jpg,020_azn,3,Gulnar/random/20/Mekan_01,gulnar,hasan,val,1,False,020_azn_00041.jpg,retained,3
020_azn_00042.jpg,020_azn,3,Gulnar/random/20/Mekan_01,gulnar,hasan,val,1,False,020_azn_00042.jpg,retained,3
020_azn_00043.jpg,020_azn,3,Gulnar/random/20/Mekan_01,gulnar,hasan,val,1,False,020_azn_00043.jpg,retained,3
020_azn_00044.jpg,020_azn,3,Gulnar/random/20/Mekan_01,gulnar,hasan,pruned,1,True,020_azn_00043.jpg,near_duplicate_burst,-1
020_azn_00045.jpg,020_azn,3,Gulnar/random/20/Mekan_01,gulnar,hasan,val,1,False,020_azn_00045.jpg,retained,3
020_azn_00046.jpg,020_azn,3,Gulnar/random/20/Mekan_01,gulnar,hasan,val,1,False,020_azn_00046.jpg,retained,3
020_azn_00051.jpg,020_azn,3,Hasan/20manat/Mekan_01,hasan,hasan,train,1,False,020_azn_00051.jpg,retained,4
020_azn_00052.jpg,020_azn,3,Hasan/20manat/Mekan_01,hasan,hasan,train,1,False,020_azn_00052.jpg,retained,4
020_azn_00053.jpg,020_azn,3,Hasan/20manat/Mekan_01,hasan,hasan,train,1,False,020_azn_00053.jpg,retained,4
020_azn_00054.jpg,020_azn,3,Hasan/20manat/Mekan_01,hasan,hasan,train,1,False,020_azn_00054.jpg,retained,4
020_azn_00055.jpg,020_azn,3,Hasan/20manat/Mekan_01,hasan,hasan,train,1,False,020_azn_00055.jpg,retained,4
020_azn_00056.jpg,020_azn,3,Hasan/20manat/Mekan_01,hasan,hasan,pruned,1,True,020_azn_00055.jpg,near_duplicate_burst,-1
020_azn_00057.jpg,020_azn,3,Hasan/20manat/Mekan_01,hasan,hasan,train,1,False,020_azn_00057.jpg,retained,4
020_azn_00058.jpg,020_azn,3,Hasan/20manat/Mekan_01,hasan,hasan,pruned,1,True,020_azn_00059.jpg,near_duplicate_burst,-1
020_azn_00059.jpg,020_azn,3,Hasan/20manat/Mekan_01,hasan,hasan,train,1,False,020_azn_00059.jpg,retained,4
020_azn_00060.jpg,020_azn,3,Hasan/20manat/Mekan_01,hasan,hasan,pruned,1,True,020_azn_00061.jpg,near_duplicate_burst,-1
020_azn_00061.jpg,020_azn,3,Hasan/20manat/Mekan_01,hasan,hasan,train,1,False,020_azn_00061.jpg,retained,4
020_azn_00062.jpg,020_azn,3,Hasan/20manat/Mekan_01,hasan,hasan,train,1,False,020_azn_00062.jpg,retained,4
020_azn_00063.jpg,020_azn,3,Hasan/20manat/Mekan_01,hasan,hasan,train,1,False,020_azn_00063.jpg,retained,4
020_azn_00064.jpg,020_azn,3,Hasan/20manat/Mekan_01,hasan,hasan,train,1,False,020_azn_00064.jpg,retained,4
020_azn_00065.jpg,020_azn,3,Hasan/20manat/Mekan_01,hasan,hasan,train,1,False,020_azn_00065.jpg,retained,4
020_azn_00066.jpg,020_azn,3,Hasan/20manat/Mekan_01,hasan,hasan,train,1,False,020_azn_00066.jpg,retained,4
020_azn_00067.jpg,020_azn,3,Hasan/20manat/Mekan_01,hasan,hasan,train,1,False,020_azn_00067.jpg,retained,4
020_azn_00068.jpg,020_azn,3,Hasan/20manat/Mekan_01,hasan,hasan,train,1,False,020_azn_00068.jpg,retained,4
020_azn_00069.jpg,020_azn,3,Hasan/20manat/Mekan_01,hasan,hasan,train,1,False,020_azn_00069.jpg,retained,4
020_azn_00070.jpg,020_azn,3,Hasan/20manat/Mekan_01,hasan,hasan,train,1,False,020_azn_00070.jpg,retained,4
020_azn_00071.jpg,020_azn,3,Hasan/20manat/Mekan_01,hasan,hasan,train,1,False,020_azn_00071.jpg,retained,4
020_azn_00072.jpg,020_azn,3,Hasan/20manat/Mekan_01,hasan,hasan,train,1,False,020_azn_00072.jpg,retained,4
020_azn_00073.jpg,020_azn,3,Hasan/20manat/Mekan_01,hasan,hasan,train,1,False,020_azn_00073.jpg,retained,4
020_azn_00074.jpg,020_azn,3,Hasan/20manat/Mekan_01,hasan,hasan,train,1,False,020_azn_00074.jpg,retained,4
020_azn_00075.jpg,020_azn,3,Hasan/20manat/Mekan_01,hasan,hasan,train,1,False,020_azn_00075.jpg,retained,4
020_azn_00076.jpg,020_azn,3,Hasan/20manat/Mekan_01,hasan,hasan,train,1,False,020_azn_00076.jpg,retained,4
020_azn_00077.jpg,020_azn,3,Hasan/20manat/Mekan_01,hasan,hasan,train,1,False,020_azn_00077.jpg,retained,4
020_azn_00078.jpg,020_azn,3,Hasan/20manat/Mekan_01,hasan,hasan,train,1,False,020_azn_00078.jpg,retained,4
020_azn_00079.jpg,020_azn,3,Hasan/20manat/Mekan_01,hasan,hasan,train,1,False,020_azn_00079.jpg,retained,4
020_azn_00080.jpg,020_azn,3,Hasan/20manat/Mekan_01,hasan,hasan,train,1,False,020_azn_00080.jpg,retained,4
020_azn_00081.jpg,020_azn,3,Hasan/20manat/Mekan_01,hasan,hasan,train,1,False,020_azn_00081.jpg,retained,4
020_azn_00082.jpg,020_azn,3,Hasan/20manat/Mekan_01,hasan,hasan,train,1,False,020_azn_00082.jpg,retained,4
020_azn_00083.jpg,020_azn,3,Hasan/20manat/Mekan_01,hasan,hasan,train,1,False,020_azn_00083.jpg,retained,4
020_azn_00084.jpg,020_azn,3,Hasan/20manat/Mekan_01,hasan,hasan,train,1,False,020_azn_00084.jpg,retained,4
020_azn_00085.jpg,020_azn,3,Hasan/20manat/Mekan_01,hasan,hasan,train,1,False,020_azn_00085.jpg,retained,4
020_azn_00086.jpg,020_azn,3,Hasan/20manat/Mekan_01,hasan,hasan,train,1,False,020_azn_00086.jpg,retained,4
020_azn_00087.jpg,020_azn,3,Hasan/20manat/Mekan_01,hasan,hasan,pruned,0,True,,unannotated_empty_label,-1
020_azn_00088.jpg,020_azn,3,Hasan/20manat/Mekan_01,hasan,hasan,train,1,False,020_azn_00088.jpg,retained,4
020_azn_00089.jpg,020_azn,3,Hasan/20manat/Mekan_01,hasan,hasan,train,1,False,020_azn_00089.jpg,retained,4
020_azn_00090.jpg,020_azn,3,Hasan/20manat/Mekan_01,hasan,hasan,train,1,False,020_azn_00090.jpg,retained,4
020_azn_00091.jpg,020_azn,3,Hasan/20manat/Mekan_01,hasan,hasan,train,1,False,020_azn_00091.jpg,retained,4
020_azn_00092.jpg,020_azn,3,Hasan/20manat/Mekan_01,hasan,hasan,train,1,False,020_azn_00092.jpg,retained,4
020_azn_00093.jpg,020_azn,3,Hasan/20manat/Mekan_01,hasan,hasan,train,1,False,020_azn_00093.jpg,retained,4
020_azn_00094.jpg,020_azn,3,Hasan/20manat/Mekan_01,hasan,hasan,train,1,False,020_azn_00094.jpg,retained,4
020_azn_00095.jpg,020_azn,3,Hasan/20manat/Mekan_01,hasan,hasan,train,1,False,020_azn_00095.jpg,retained,4
020_azn_00096.jpg,020_azn,3,Hasan/20manat/Mekan_01,hasan,hasan,train,1,False,020_azn_00096.jpg,retained,4
020_azn_00097.jpg,020_azn,3,Hasan/20manat/Mekan_01,hasan,hasan,train,1,False,020_azn_00097.jpg,retained,4
020_azn_00098.jpg,020_azn,3,Hasan/20manat/Mekan_01,hasan,hasan,train,1,False,020_azn_00098.jpg,retained,4
020_azn_00099.jpg,020_azn,3,Hasan/20manat/Mekan_01,hasan,hasan,train,1,False,020_azn_00099.jpg,retained,4
020_azn_00100.jpg,020_azn,3,Hasan/20manat/Mekan_01,hasan,hasan,train,1,False,020_azn_00100.jpg,retained,4
020_azn_00101.jpg,020_azn,3,Hasan/20manat/Mekan_01,hasan,hasan,train,1,False,020_azn_00101.jpg,retained,4
020_azn_00102.jpg,020_azn,3,Hasan/20manat/Mekan_01,hasan,hasan,train,1,False,020_azn_00102.jpg,retained,4
020_azn_00103.jpg,020_azn,3,Hasan/20manat/Mekan_01,hasan,hasan,train,1,False,020_azn_00103.jpg,retained,4
050_azn_00059.jpg,050_azn,4,Avaz1/50 manat/Mekan_04,avaz1,hasan,train,1,False,050_azn_00059.jpg,retained,23
050_azn_00060.jpg,050_azn,4,Avaz1/50 manat/Mekan_04,avaz1,hasan,train,1,False,050_azn_00060.jpg,retained,23
050_azn_00061.jpg,050_azn,4,Avaz1/50 manat/Mekan_04,avaz1,hasan,train,1,False,050_azn_00061.jpg,retained,23
050_azn_00062.jpg,050_azn,4,Avaz1/50 manat/Mekan_04,avaz1,hasan,train,1,False,050_azn_00062.jpg,retained,23
050_azn_00063.jpg,050_azn,4,Avaz1/50 manat/Mekan_04,avaz1,hasan,train,1,False,050_azn_00063.jpg,retained,23
050_azn_00064.jpg,050_azn,4,Avaz1/50 manat/Mekan_04,avaz1,hasan,train,1,False,050_azn_00064.jpg,retained,23
050_azn_00065.jpg,050_azn,4,Avaz1/50 manat/Mekan_04,avaz1,hasan,train,1,False,050_azn_00065.jpg,retained,23
050_azn_00066.jpg,050_azn,4,Avaz1/50 manat/Mekan_04,avaz1,hasan,train,1,False,050_azn_00066.jpg,retained,23
050_azn_00067.jpg,050_azn,4,Avaz1/50 manat/Mekan_04,avaz1,hasan,train,1,False,050_azn_00067.jpg,retained,23
050_azn_00089.jpg,050_azn,4,Gulnar/doseme/50/Mekan_01,gulnar,hasan,val,1,False,050_azn_00089.jpg,retained,1
050_azn_00090.jpg,050_azn,4,Gulnar/doseme/50/Mekan_01,gulnar,hasan,val,1,False,050_azn_00090.jpg,retained,1
050_azn_00091.jpg,050_azn,4,Gulnar/doseme/50/Mekan_01,gulnar,hasan,val,1,False,050_azn_00091.jpg,retained,1
050_azn_00092.jpg,050_azn,4,Gulnar/doseme/50/Mekan_01,gulnar,hasan,val,1,False,050_azn_00092.jpg,retained,1
050_azn_00093.jpg,050_azn,4,Gulnar/doseme/50/Mekan_01,gulnar,hasan,val,1,False,050_azn_00093.jpg,retained,1
050_azn_00094.jpg,050_azn,4,Gulnar/doseme/50/Mekan_01,gulnar,hasan,val,1,False,050_azn_00094.jpg,retained,1
050_azn_00095.jpg,050_azn,4,Gulnar/doseme/50/Mekan_01,gulnar,hasan,val,1,False,050_azn_00095.jpg,retained,1
050_azn_00096.jpg,050_azn,4,Gulnar/doseme/50/Mekan_01,gulnar,hasan,val,1,False,050_azn_00096.jpg,retained,1
050_azn_00097.jpg,050_azn,4,Gulnar/doseme/50/Mekan_01,gulnar,hasan,val,1,False,050_azn_00097.jpg,retained,1
050_azn_00098.jpg,050_azn,4,Gulnar/doseme/50/Mekan_01,gulnar,hasan,val,1,False,050_azn_00098.jpg,retained,1
050_azn_00099.jpg,050_azn,4,Gulnar/doseme/50/Mekan_01,gulnar,hasan,val,1,False,050_azn_00099.jpg,retained,1
050_azn_00100.jpg,050_azn,4,Gulnar/doseme/50/Mekan_01,gulnar,hasan,val,1,False,050_azn_00100.jpg,retained,1
050_azn_00101.jpg,050_azn,4,Gulnar/doseme/50/Mekan_01,gulnar,hasan,val,1,False,050_azn_00101.jpg,retained,1
050_azn_00102.jpg,050_azn,4,Gulnar/doseme/50/Mekan_01,gulnar,hasan,val,1,False,050_azn_00102.jpg,retained,1
050_azn_00103.jpg,050_azn,4,Gulnar/doseme/50/Mekan_01,gulnar,hasan,val,1,False,050_azn_00103.jpg,retained,1
050_azn_00104.jpg,050_azn,4,Gulnar/doseme/50/Mekan_01,gulnar,hasan,val,1,False,050_azn_00104.jpg,retained,1
050_azn_00105.jpg,050_azn,4,Gulnar/doseme/50/Mekan_01,gulnar,hasan,val,1,False,050_azn_00105.jpg,retained,1
050_azn_00106.jpg,050_azn,4,Gulnar/doseme/50/Mekan_01,gulnar,hasan,val,1,False,050_azn_00106.jpg,retained,1
050_azn_00107.jpg,050_azn,4,Gulnar/doseme/50/Mekan_01,gulnar,hasan,val,1,False,050_azn_00107.jpg,retained,1
050_azn_00268.jpg,050_azn,4,Kazim/50azn/Mekan_03,kazim,hasan,train,1,False,050_azn_00268.jpg,retained,0
050_azn_00269.jpg,050_azn,4,Kazim/50azn/Mekan_03,kazim,hasan,train,1,False,050_azn_00269.jpg,retained,0
050_azn_00270.jpg,050_azn,4,Kazim/50azn/Mekan_03,kazim,hasan,train,1,False,050_azn_00270.jpg,retained,0
050_azn_00271.jpg,050_azn,4,Kazim/50azn/Mekan_03,kazim,hasan,train,1,False,050_azn_00271.jpg,retained,0
050_azn_00272.jpg,050_azn,4,Kazim/50azn/Mekan_03,kazim,hasan,train,1,False,050_azn_00272.jpg,retained,0
050_azn_00273.jpg,050_azn,4,Kazim/50azn/Mekan_03,kazim,hasan,train,1,False,050_azn_00273.jpg,retained,0
050_azn_00274.jpg,050_azn,4,Kazim/50azn/Mekan_03,kazim,hasan,train,1,False,050_azn_00274.jpg,retained,0
050_azn_00275.jpg,050_azn,4,Kazim/50azn/Mekan_03,kazim,hasan,train,1,False,050_azn_00275.jpg,retained,0
050_azn_00276.jpg,050_azn,4,Kazim/50azn/Mekan_03,kazim,hasan,train,1,False,050_azn_00276.jpg,retained,0
050_azn_00277.jpg,050_azn,4,Kazim/50azn/Mekan_03,kazim,hasan,train,1,False,050_azn_00277.jpg,retained,0
050_azn_00278.jpg,050_azn,4,Kazim/50azn/Mekan_03,kazim,hasan,train,1,False,050_azn_00278.jpg,retained,0
050_azn_00279.jpg,050_azn,4,Kazim/50azn/Mekan_03,kazim,hasan,train,1,False,050_azn_00279.jpg,retained,0
050_azn_00280.jpg,050_azn,4,Kazim/50azn/Mekan_03,kazim,hasan,train,1,False,050_azn_00280.jpg,retained,0
050_azn_00281.jpg,050_azn,4,Kazim/50azn/Mekan_03,kazim,hasan,train,1,False,050_azn_00281.jpg,retained,0
050_azn_00282.jpg,050_azn,4,Kazim/50azn/Mekan_03,kazim,hasan,train,1,False,050_azn_00282.jpg,retained,0
050_azn_00283.jpg,050_azn,4,Kazim/50azn/Mekan_03,kazim,hasan,train,1,False,050_azn_00283.jpg,retained,0
050_azn_00284.jpg,050_azn,4,Kazim/50azn/Mekan_03,kazim,hasan,train,1,False,050_azn_00284.jpg,retained,0
050_azn_00285.jpg,050_azn,4,Kazim/50azn/Mekan_03,kazim,hasan,train,1,False,050_azn_00285.jpg,retained,0
050_azn_00286.jpg,050_azn,4,Kazim/50azn/Mekan_03,kazim,hasan,train,1,False,050_azn_00286.jpg,retained,0
050_azn_00287.jpg,050_azn,4,Kazim/50azn/Mekan_03,kazim,hasan,train,1,False,050_azn_00287.jpg,retained,0
050_azn_00288.jpg,050_azn,4,Kazim/50azn/Mekan_03,kazim,hasan,train,1,False,050_azn_00288.jpg,retained,0
050_azn_00289.jpg,050_azn,4,Kazim/50azn/Mekan_03,kazim,hasan,train,1,False,050_azn_00289.jpg,retained,0
050_azn_00290.jpg,050_azn,4,Kazim/50azn/Mekan_03,kazim,hasan,train,1,False,050_azn_00290.jpg,retained,0
050_azn_00291.jpg,050_azn,4,Kazim/50azn/Mekan_03,kazim,hasan,train,1,False,050_azn_00291.jpg,retained,0
050_azn_00292.jpg,050_azn,4,Kazim/50azn/Mekan_03,kazim,hasan,train,1,False,050_azn_00292.jpg,retained,0
050_azn_00293.jpg,050_azn,4,Kazim/50azn/Mekan_03,kazim,hasan,train,1,False,050_azn_00293.jpg,retained,0
050_azn_00294.jpg,050_azn,4,Kazim/50azn/Mekan_03,kazim,hasan,train,1,False,050_azn_00294.jpg,retained,0
050_azn_00295.jpg,050_azn,4,Kazim/50azn/Mekan_03,kazim,hasan,train,1,False,050_azn_00295.jpg,retained,0
050_azn_00296.jpg,050_azn,4,Kazim/50azn/Mekan_03,kazim,hasan,train,1,False,050_azn_00296.jpg,retained,0
050_azn_00297.jpg,050_azn,4,Kazim/50azn/Mekan_03,kazim,hasan,train,1,False,050_azn_00297.jpg,retained,0
050_azn_00298.jpg,050_azn,4,Kazim/50azn/Mekan_03,kazim,hasan,train,1,False,050_azn_00298.jpg,retained,0
050_azn_00299.jpg,050_azn,4,Kazim/50azn/Mekan_03,kazim,hasan,train,1,False,050_azn_00299.jpg,retained,0
050_azn_00300.jpg,050_azn,4,Kazim/50azn/Mekan_03,kazim,hasan,train,1,False,050_azn_00300.jpg,retained,0
050_azn_00301.jpg,050_azn,4,Kazim/50azn/Mekan_03,kazim,hasan,train,1,False,050_azn_00301.jpg,retained,0
050_azn_00302.jpg,050_azn,4,Kazim/50azn/Mekan_03,kazim,hasan,train,1,False,050_azn_00302.jpg,retained,0
050_azn_00303.jpg,050_azn,4,Kazim/50azn/Mekan_03,kazim,hasan,train,1,False,050_azn_00303.jpg,retained,0
050_azn_00304.jpg,050_azn,4,Kazim/50azn/Mekan_03,kazim,hasan,train,1,False,050_azn_00304.jpg,retained,0
050_azn_00305.jpg,050_azn,4,Kazim/50azn/Mekan_03,kazim,hasan,train,1,False,050_azn_00305.jpg,retained,0
050_azn_00306.jpg,050_azn,4,Kazim/50azn/Mekan_03,kazim,hasan,train,1,False,050_azn_00306.jpg,retained,0
050_azn_00307.jpg,050_azn,4,Kazim/50azn/Mekan_03,kazim,hasan,train,1,False,050_azn_00307.jpg,retained,0
050_azn_00308.jpg,050_azn,4,Kazim/50azn/Mekan_03,kazim,hasan,train,1,False,050_azn_00308.jpg,retained,0
050_azn_00309.jpg,050_azn,4,Kazim/50azn/Mekan_03,kazim,hasan,train,1,False,050_azn_00309.jpg,retained,0
050_azn_00310.jpg,050_azn,4,Kazim/50azn/Mekan_03,kazim,hasan,train,1,False,050_azn_00310.jpg,retained,0
050_azn_00311.jpg,050_azn,4,Kazim/50azn/Mekan_03,kazim,hasan,train,1,False,050_azn_00311.jpg,retained,0
050_azn_00312.jpg,050_azn,4,Kazim/50azn/Mekan_03,kazim,hasan,train,1,False,050_azn_00312.jpg,retained,0
050_azn_00313.jpg,050_azn,4,Kazim/50azn/Mekan_03,kazim,hasan,train,1,False,050_azn_00313.jpg,retained,0
050_azn_00314.jpg,050_azn,4,Kazim/50azn/Mekan_03,kazim,hasan,train,1,False,050_azn_00314.jpg,retained,0
050_azn_00315.jpg,050_azn,4,Kazim/50azn/Mekan_03,kazim,hasan,train,1,False,050_azn_00315.jpg,retained,0
050_azn_00316.jpg,050_azn,4,Kazim/50azn/Mekan_03,kazim,hasan,train,1,False,050_azn_00316.jpg,retained,0
050_azn_00317.jpg,050_azn,4,Kazim/50azn/Mekan_03,kazim,hasan,train,1,False,050_azn_00317.jpg,retained,0
050_azn_00318.jpg,050_azn,4,Kazim/50azn/Mekan_03,kazim,hasan,train,1,False,050_azn_00318.jpg,retained,0
050_azn_00319.jpg,050_azn,4,Kazim/50azn/Mekan_03,kazim,hasan,train,1,False,050_azn_00319.jpg,retained,0
050_azn_00320.jpg,050_azn,4,Kazim/50azn/Mekan_03,kazim,hasan,train,1,False,050_azn_00320.jpg,retained,0
100_azn_00064.jpg,100_azn,5,Gulnar/doseme/100/Mekan_01,gulnar,hasan,val,1,False,100_azn_00064.jpg,retained,1
100_azn_00065.jpg,100_azn,5,Gulnar/doseme/100/Mekan_01,gulnar,hasan,val,1,False,100_azn_00065.jpg,retained,1
100_azn_00066.jpg,100_azn,5,Gulnar/doseme/100/Mekan_01,gulnar,hasan,val,1,False,100_azn_00066.jpg,retained,1
100_azn_00067.jpg,100_azn,5,Gulnar/doseme/100/Mekan_01,gulnar,hasan,val,1,False,100_azn_00067.jpg,retained,1
100_azn_00068.jpg,100_azn,5,Gulnar/doseme/100/Mekan_01,gulnar,hasan,val,1,False,100_azn_00068.jpg,retained,1
100_azn_00069.jpg,100_azn,5,Gulnar/doseme/100/Mekan_01,gulnar,hasan,val,1,False,100_azn_00069.jpg,retained,1
100_azn_00070.jpg,100_azn,5,Gulnar/doseme/100/Mekan_01,gulnar,hasan,val,1,False,100_azn_00070.jpg,retained,1
100_azn_00071.jpg,100_azn,5,Gulnar/doseme/100/Mekan_01,gulnar,hasan,val,1,False,100_azn_00071.jpg,retained,1
100_azn_00072.jpg,100_azn,5,Gulnar/doseme/100/Mekan_01,gulnar,hasan,val,1,False,100_azn_00072.jpg,retained,1
100_azn_00073.jpg,100_azn,5,Gulnar/doseme/100/Mekan_01,gulnar,hasan,val,1,False,100_azn_00073.jpg,retained,1
100_azn_00074.jpg,100_azn,5,Gulnar/doseme/100/Mekan_01,gulnar,hasan,val,1,False,100_azn_00074.jpg,retained,1
100_azn_00075.jpg,100_azn,5,Gulnar/doseme/100/Mekan_01,gulnar,hasan,val,1,False,100_azn_00075.jpg,retained,1
100_azn_00076.jpg,100_azn,5,Gulnar/doseme/100/Mekan_01,gulnar,hasan,val,1,False,100_azn_00076.jpg,retained,1
100_azn_00077.jpg,100_azn,5,Gulnar/doseme/100/Mekan_01,gulnar,hasan,val,1,False,100_azn_00077.jpg,retained,1
100_azn_00078.jpg,100_azn,5,Gulnar/doseme/100/Mekan_01,gulnar,hasan,val,1,False,100_azn_00078.jpg,retained,1
100_azn_00079.jpg,100_azn,5,Gulnar/doseme/100/Mekan_01,gulnar,hasan,val,1,False,100_azn_00079.jpg,retained,1
100_azn_00187.jpg,100_azn,5,Hasan/100manat/Mekan_03,hasan,hasan,train,1,False,100_azn_00187.jpg,retained,30
100_azn_00188.jpg,100_azn,5,Hasan/100manat/Mekan_03,hasan,hasan,train,1,False,100_azn_00188.jpg,retained,30
100_azn_00189.jpg,100_azn,5,Hasan/100manat/Mekan_03,hasan,hasan,train,1,False,100_azn_00189.jpg,retained,30
100_azn_00190.jpg,100_azn,5,Hasan/100manat/Mekan_03,hasan,hasan,pruned,1,True,100_azn_00189.jpg,near_duplicate_burst,-1
100_azn_00191.jpg,100_azn,5,Hasan/100manat/Mekan_03,hasan,hasan,train,1,False,100_azn_00191.jpg,retained,30
100_azn_00192.jpg,100_azn,5,Hasan/100manat/Mekan_03,hasan,hasan,train,1,False,100_azn_00192.jpg,retained,30
100_azn_00193.jpg,100_azn,5,Hasan/100manat/Mekan_03,hasan,hasan,train,1,False,100_azn_00193.jpg,retained,30
100_azn_00194.jpg,100_azn,5,Hasan/100manat/Mekan_03,hasan,hasan,train,1,False,100_azn_00194.jpg,retained,30
100_azn_00195.jpg,100_azn,5,Hasan/100manat/Mekan_03,hasan,hasan,train,1,False,100_azn_00195.jpg,retained,30
100_azn_00196.jpg,100_azn,5,Hasan/100manat/Mekan_03,hasan,hasan,pruned,1,True,100_azn_00197.jpg,near_duplicate_burst,-1
100_azn_00197.jpg,100_azn,5,Hasan/100manat/Mekan_03,hasan,hasan,train,1,False,100_azn_00197.jpg,retained,30
100_azn_00198.jpg,100_azn,5,Hasan/100manat/Mekan_03,hasan,hasan,train,1,False,100_azn_00198.jpg,retained,30
100_azn_00199.jpg,100_azn,5,Hasan/100manat/Mekan_03,hasan,hasan,pruned,1,True,100_azn_00200.jpg,near_duplicate_burst,-1
100_azn_00200.jpg,100_azn,5,Hasan/100manat/Mekan_03,hasan,hasan,train,1,False,100_azn_00200.jpg,retained,30
100_azn_00201.jpg,100_azn,5,Hasan/100manat/Mekan_03,hasan,hasan,train,1,False,100_azn_00201.jpg,retained,30
100_azn_00202.jpg,100_azn,5,Hasan/100manat/Mekan_03,hasan,hasan,train,1,False,100_azn_00202.jpg,retained,30
100_azn_00203.jpg,100_azn,5,Hasan/100manat/Mekan_03,hasan,hasan,pruned,1,True,100_azn_00202.jpg,near_duplicate_burst,-1
100_azn_00204.jpg,100_azn,5,Hasan/100manat/Mekan_03,hasan,hasan,pruned,1,True,100_azn_00205.jpg,near_duplicate_burst,-1
100_azn_00205.jpg,100_azn,5,Hasan/100manat/Mekan_03,hasan,hasan,train,1,False,100_azn_00205.jpg,retained,30
100_azn_00206.jpg,100_azn,5,Hasan/100manat/Mekan_03,hasan,hasan,train,1,False,100_azn_00206.jpg,retained,30
100_azn_00207.jpg,100_azn,5,Hasan/100manat/Mekan_03,hasan,hasan,pruned,1,True,100_azn_00208.jpg,near_duplicate_burst,-1
100_azn_00208.jpg,100_azn,5,Hasan/100manat/Mekan_03,hasan,hasan,train,1,False,100_azn_00208.jpg,retained,30
100_azn_00209.jpg,100_azn,5,Hasan/100manat/Mekan_03,hasan,hasan,train,1,False,100_azn_00209.jpg,retained,30
100_azn_00210.jpg,100_azn,5,Hasan/100manat/Mekan_03,hasan,hasan,pruned,1,True,100_azn_00209.jpg,near_duplicate_burst,-1
100_azn_00211.jpg,100_azn,5,Hasan/100manat/Mekan_03,hasan,hasan,train,1,False,100_azn_00211.jpg,retained,30
100_azn_00212.jpg,100_azn,5,Hasan/100manat/Mekan_03,hasan,hasan,pruned,1,True,100_azn_00211.jpg,near_duplicate_burst,-1
100_azn_00213.jpg,100_azn,5,Hasan/100manat/Mekan_03,hasan,hasan,train,1,False,100_azn_00213.jpg,retained,30
100_azn_00214.jpg,100_azn,5,Hasan/100manat/Mekan_03,hasan,hasan,train,1,False,100_azn_00214.jpg,retained,30
100_azn_00215.jpg,100_azn,5,Hasan/100manat/Mekan_03,hasan,hasan,train,1,False,100_azn_00215.jpg,retained,30
100_azn_00216.jpg,100_azn,5,Hasan/100manat/Mekan_03,hasan,hasan,train,1,False,100_azn_00216.jpg,retained,30
100_azn_00217.jpg,100_azn,5,Hasan/100manat/Mekan_03,hasan,hasan,train,1,False,100_azn_00217.jpg,retained,30
100_azn_00218.jpg,100_azn,5,Hasan/100manat/Mekan_03,hasan,hasan,pruned,1,True,100_azn_00219.jpg,near_duplicate_burst,-1
100_azn_00219.jpg,100_azn,5,Hasan/100manat/Mekan_03,hasan,hasan,train,1,False,100_azn_00219.jpg,retained,30
100_azn_00220.jpg,100_azn,5,Hasan/100manat/Mekan_03,hasan,hasan,train,1,False,100_azn_00220.jpg,retained,30
100_azn_00221.jpg,100_azn,5,Hasan/100manat/Mekan_03,hasan,hasan,train,1,False,100_azn_00221.jpg,retained,30
100_azn_00222.jpg,100_azn,5,Hasan/100manat/Mekan_03,hasan,hasan,train,1,False,100_azn_00222.jpg,retained,30
100_azn_00223.jpg,100_azn,5,Hasan/100manat/Mekan_03,hasan,hasan,train,1,False,100_azn_00223.jpg,retained,30
100_azn_00224.jpg,100_azn,5,Hasan/100manat/Mekan_03,hasan,hasan,train,1,False,100_azn_00224.jpg,retained,30
100_azn_00225.jpg,100_azn,5,Hasan/100manat/Mekan_03,hasan,hasan,train,1,False,100_azn_00225.jpg,retained,30
100_azn_00226.jpg,100_azn,5,Hasan/100manat/Mekan_03,hasan,hasan,train,1,False,100_azn_00226.jpg,retained,30
100_azn_00227.jpg,100_azn,5,Hasan/100manat/Mekan_03,hasan,hasan,train,1,False,100_azn_00227.jpg,retained,30
100_azn_00228.jpg,100_azn,5,Hasan/100manat/Mekan_03,hasan,hasan,pruned,1,True,100_azn_00227.jpg,near_duplicate_burst,-1
100_azn_00265.jpg,100_azn,5,Kazim/100azn/Mekan_03,kazim,hasan,train,1,False,100_azn_00265.jpg,retained,46
100_azn_00266.jpg,100_azn,5,Kazim/100azn/Mekan_03,kazim,hasan,train,1,False,100_azn_00266.jpg,retained,46
100_azn_00267.jpg,100_azn,5,Kazim/100azn/Mekan_03,kazim,hasan,train,1,False,100_azn_00267.jpg,retained,46
100_azn_00268.jpg,100_azn,5,Kazim/100azn/Mekan_03,kazim,hasan,train,1,False,100_azn_00268.jpg,retained,46
100_azn_00269.jpg,100_azn,5,Kazim/100azn/Mekan_03,kazim,hasan,train,1,False,100_azn_00269.jpg,retained,46
100_azn_00270.jpg,100_azn,5,Kazim/100azn/Mekan_03,kazim,hasan,train,1,False,100_azn_00270.jpg,retained,46
100_azn_00271.jpg,100_azn,5,Kazim/100azn/Mekan_03,kazim,hasan,train,1,False,100_azn_00271.jpg,retained,46
100_azn_00272.jpg,100_azn,5,Kazim/100azn/Mekan_03,kazim,hasan,train,1,False,100_azn_00272.jpg,retained,46
100_azn_00273.jpg,100_azn,5,Kazim/100azn/Mekan_03,kazim,hasan,train,1,False,100_azn_00273.jpg,retained,46
100_azn_00274.jpg,100_azn,5,Kazim/100azn/Mekan_03,kazim,hasan,train,1,False,100_azn_00274.jpg,retained,46
100_azn_00275.jpg,100_azn,5,Kazim/100azn/Mekan_03,kazim,hasan,train,1,False,100_azn_00275.jpg,retained,46
100_azn_00276.jpg,100_azn,5,Kazim/100azn/Mekan_03,kazim,hasan,train,1,False,100_azn_00276.jpg,retained,46
100_azn_00346.jpg,100_azn,5,Kazim/100azn/Mekan_07,kazim,hasan,train,1,False,100_azn_00346.jpg,retained,5
100_azn_00347.jpg,100_azn,5,Kazim/100azn/Mekan_07,kazim,hasan,train,1,False,100_azn_00347.jpg,retained,5
100_azn_00348.jpg,100_azn,5,Kazim/100azn/Mekan_07,kazim,hasan,train,1,False,100_azn_00348.jpg,retained,5
100_azn_00349.jpg,100_azn,5,Kazim/100azn/Mekan_07,kazim,hasan,train,1,False,100_azn_00349.jpg,retained,5
100_azn_00350.jpg,100_azn,5,Kazim/100azn/Mekan_07,kazim,hasan,train,1,False,100_azn_00350.jpg,retained,5
100_azn_00351.jpg,100_azn,5,Kazim/100azn/Mekan_07,kazim,hasan,train,1,False,100_azn_00351.jpg,retained,5
100_azn_00352.jpg,100_azn,5,Kazim/100azn/Mekan_07,kazim,hasan,train,1,False,100_azn_00352.jpg,retained,5
100_azn_00353.jpg,100_azn,5,Kazim/100azn/Mekan_07,kazim,hasan,train,1,False,100_azn_00353.jpg,retained,5
100_azn_00354.jpg,100_azn,5,Kazim/100azn/Mekan_07,kazim,hasan,train,1,False,100_azn_00354.jpg,retained,5
100_azn_00355.jpg,100_azn,5,Kazim/100azn/Mekan_07,kazim,hasan,train,1,False,100_azn_00355.jpg,retained,5
100_azn_00356.jpg,100_azn,5,Kazim/100azn/Mekan_07,kazim,hasan,train,1,False,100_azn_00356.jpg,retained,5
100_azn_00357.jpg,100_azn,5,Kazim/100azn/Mekan_07,kazim,hasan,train,1,False,100_azn_00357.jpg,retained,5
100_azn_00358.jpg,100_azn,5,Kazim/100azn/Mekan_07,kazim,hasan,train,1,False,100_azn_00358.jpg,retained,5
100_azn_00359.jpg,100_azn,5,Kazim/100azn/Mekan_07,kazim,hasan,train,1,False,100_azn_00359.jpg,retained,5
100_azn_00360.jpg,100_azn,5,Kazim/100azn/Mekan_07,kazim,hasan,train,1,False,100_azn_00360.jpg,retained,5
100_azn_00361.jpg,100_azn,5,Kazim/100azn/Mekan_07,kazim,hasan,train,1,False,100_azn_00361.jpg,retained,5
100_azn_00362.jpg,100_azn,5,Kazim/100azn/Mekan_07,kazim,hasan,train,1,False,100_azn_00362.jpg,retained,5
100_azn_00363.jpg,100_azn,5,Kazim/100azn/Mekan_07,kazim,hasan,train,1,False,100_azn_00363.jpg,retained,5
100_azn_00364.jpg,100_azn,5,Kazim/100azn/Mekan_07,kazim,hasan,train,1,False,100_azn_00364.jpg,retained,5
100_azn_00365.jpg,100_azn,5,Kazim/100azn/Mekan_07,kazim,hasan,train,1,False,100_azn_00365.jpg,retained,5
100_azn_00366.jpg,100_azn,5,Kazim/100azn/Mekan_07,kazim,hasan,train,1,False,100_azn_00366.jpg,retained,5
100_azn_00367.jpg,100_azn,5,Kazim/100azn/Mekan_07,kazim,hasan,train,1,False,100_azn_00367.jpg,retained,5
100_azn_00368.jpg,100_azn,5,Kazim/100azn/Mekan_07,kazim,hasan,train,1,False,100_azn_00368.jpg,retained,5
100_azn_00369.jpg,100_azn,5,Kazim/100azn/Mekan_07,kazim,hasan,train,1,False,100_azn_00369.jpg,retained,5
100_azn_00370.jpg,100_azn,5,Kazim/100azn/Mekan_07,kazim,hasan,train,1,False,100_azn_00370.jpg,retained,5
100_azn_00371.jpg,100_azn,5,Kazim/100azn/Mekan_07,kazim,hasan,train,1,False,100_azn_00371.jpg,retained,5
100_azn_00372.jpg,100_azn,5,Kazim/100azn/Mekan_07,kazim,hasan,train,1,False,100_azn_00372.jpg,retained,5
100_azn_00373.jpg,100_azn,5,Kazim/100azn/Mekan_07,kazim,hasan,train,1,False,100_azn_00373.jpg,retained,5
100_azn_00374.jpg,100_azn,5,Kazim/100azn/Mekan_07,kazim,hasan,train,1,False,100_azn_00374.jpg,retained,5
200_azn_00022.jpg,200_azn,6,Avaz1/200 azn/evez_cedimamagil,avaz1,hasan,train,1,False,200_azn_00022.jpg,retained,40
200_azn_00023.jpg,200_azn,6,Avaz1/200 azn/evez_cedimamagil,avaz1,hasan,train,1,False,200_azn_00023.jpg,retained,40
200_azn_00024.jpg,200_azn,6,Avaz1/200 azn/evez_cedimamagil,avaz1,hasan,train,1,False,200_azn_00024.jpg,retained,40
200_azn_00025.jpg,200_azn,6,Avaz1/200 azn/evez_cedimamagil,avaz1,hasan,train,1,False,200_azn_00025.jpg,retained,40
200_azn_00026.jpg,200_azn,6,Avaz1/200 azn/evez_cedimamagil,avaz1,hasan,train,1,False,200_azn_00026.jpg,retained,40
200_azn_00027.jpg,200_azn,6,Avaz1/200 azn/evez_cedimamagil,avaz1,hasan,train,1,False,200_azn_00027.jpg,retained,40
200_azn_00028.jpg,200_azn,6,Avaz1/200 azn/evez_cedimamagil,avaz1,hasan,train,1,False,200_azn_00028.jpg,retained,40
200_azn_00166.jpg,200_azn,6,Gulnar/200/Mekan_05,gulnar,hasan,train,1,False,200_azn_00166.jpg,retained,6
200_azn_00167.jpg,200_azn,6,Gulnar/200/Mekan_05,gulnar,hasan,train,1,False,200_azn_00167.jpg,retained,6
200_azn_00168.jpg,200_azn,6,Gulnar/200/Mekan_05,gulnar,hasan,train,1,False,200_azn_00168.jpg,retained,6
200_azn_00169.jpg,200_azn,6,Gulnar/200/Mekan_05,gulnar,hasan,train,1,False,200_azn_00169.jpg,retained,6
200_azn_00170.jpg,200_azn,6,Gulnar/200/Mekan_05,gulnar,hasan,train,1,False,200_azn_00170.jpg,retained,6
200_azn_00171.jpg,200_azn,6,Gulnar/200/Mekan_05,gulnar,hasan,train,1,False,200_azn_00171.jpg,retained,6
200_azn_00172.jpg,200_azn,6,Gulnar/200/Mekan_05,gulnar,hasan,train,1,False,200_azn_00172.jpg,retained,6
200_azn_00173.jpg,200_azn,6,Gulnar/200/Mekan_05,gulnar,hasan,train,1,False,200_azn_00173.jpg,retained,6
200_azn_00174.jpg,200_azn,6,Gulnar/200/Mekan_05,gulnar,hasan,train,1,False,200_azn_00174.jpg,retained,6
200_azn_00175.jpg,200_azn,6,Gulnar/200/Mekan_05,gulnar,hasan,train,1,False,200_azn_00175.jpg,retained,6
200_azn_00176.jpg,200_azn,6,Gulnar/200/Mekan_05,gulnar,hasan,train,1,False,200_azn_00176.jpg,retained,6
200_azn_00177.jpg,200_azn,6,Gulnar/200/Mekan_05,gulnar,hasan,train,1,False,200_azn_00177.jpg,retained,6
200_azn_00178.jpg,200_azn,6,Gulnar/200/Mekan_05,gulnar,hasan,train,1,False,200_azn_00178.jpg,retained,6
200_azn_00179.jpg,200_azn,6,Gulnar/200/Mekan_05,gulnar,hasan,train,1,False,200_azn_00179.jpg,retained,6
200_azn_00180.jpg,200_azn,6,Gulnar/200/Mekan_05,gulnar,hasan,train,1,False,200_azn_00180.jpg,retained,6
200_azn_00233.jpg,200_azn,6,Batch2/200 azn,gulnar,hasan,train,1,False,200_azn_00233.jpg,retained,19
200_azn_00234.jpg,200_azn,6,Batch2/200 azn,gulnar,hasan,train,1,False,200_azn_00234.jpg,retained,19
200_azn_00235.jpg,200_azn,6,Batch2/200 azn,gulnar,hasan,train,1,False,200_azn_00235.jpg,retained,19
200_azn_00236.jpg,200_azn,6,Batch2/200 azn,gulnar,hasan,train,1,False,200_azn_00236.jpg,retained,19
200_azn_00237.jpg,200_azn,6,Batch2/200 azn,gulnar,hasan,train,1,False,200_azn_00237.jpg,retained,19
200_azn_00238.jpg,200_azn,6,Batch2/200 azn,gulnar,hasan,train,1,False,200_azn_00238.jpg,retained,19
200_azn_00239.jpg,200_azn,6,Batch2/200 azn,gulnar,hasan,train,1,False,200_azn_00239.jpg,retained,19
200_azn_00240.jpg,200_azn,6,Batch2/200 azn,gulnar,hasan,train,1,False,200_azn_00240.jpg,retained,19
200_azn_00241.jpg,200_azn,6,Batch2/200 azn,gulnar,hasan,train,1,False,200_azn_00241.jpg,retained,19
200_azn_00242.jpg,200_azn,6,Batch2/200 azn,gulnar,hasan,train,1,False,200_azn_00242.jpg,retained,19
200_azn_00243.jpg,200_azn,6,Batch2/200 azn,gulnar,hasan,train,1,False,200_azn_00243.jpg,retained,19
200_azn_00244.jpg,200_azn,6,Batch2/200 azn,gulnar,hasan,train,1,False,200_azn_00244.jpg,retained,19
200_azn_00245.jpg,200_azn,6,Batch2/200 azn,gulnar,hasan,train,1,False,200_azn_00245.jpg,retained,19
200_azn_00246.jpg,200_azn,6,Batch2/200 azn,gulnar,hasan,train,1,False,200_azn_00246.jpg,retained,19
200_azn_00247.jpg,200_azn,6,Batch2/200 azn,gulnar,hasan,train,1,False,200_azn_00247.jpg,retained,19
200_azn_00248.jpg,200_azn,6,Batch2/200 azn,gulnar,hasan,train,1,False,200_azn_00248.jpg,retained,19
200_azn_00249.jpg,200_azn,6,Batch2/200 azn,gulnar,hasan,train,1,False,200_azn_00249.jpg,retained,19
200_azn_00250.jpg,200_azn,6,Batch2/200 azn,gulnar,hasan,train,1,False,200_azn_00250.jpg,retained,19
200_azn_00251.jpg,200_azn,6,Batch2/200 azn,gulnar,hasan,train,1,False,200_azn_00251.jpg,retained,19
200_azn_00252.jpg,200_azn,6,Batch2/200 azn,gulnar,hasan,train,1,False,200_azn_00252.jpg,retained,19
200_azn_00253.jpg,200_azn,6,Batch2/200 azn,gulnar,hasan,train,1,False,200_azn_00253.jpg,retained,19
200_azn_00254.jpg,200_azn,6,Batch2/200 azn,gulnar,hasan,train,1,False,200_azn_00254.jpg,retained,19
200_azn_00255.jpg,200_azn,6,Batch2/200 azn,gulnar,hasan,train,1,False,200_azn_00255.jpg,retained,19
200_azn_00256.jpg,200_azn,6,Batch2/200 azn,gulnar,hasan,train,1,False,200_azn_00256.jpg,retained,19
200_azn_00257.jpg,200_azn,6,Batch2/200 azn,gulnar,hasan,train,1,False,200_azn_00257.jpg,retained,19
200_azn_00258.jpg,200_azn,6,Batch2/200 azn,gulnar,hasan,train,1,False,200_azn_00258.jpg,retained,19
200_azn_00259.jpg,200_azn,6,Batch2/200 azn,gulnar,hasan,train,1,False,200_azn_00259.jpg,retained,19
200_azn_00260.jpg,200_azn,6,Batch2/200 azn,gulnar,hasan,train,1,False,200_azn_00260.jpg,retained,19
200_azn_00261.jpg,200_azn,6,Batch2/200 azn,gulnar,hasan,train,1,False,200_azn_00261.jpg,retained,19
200_azn_00262.jpg,200_azn,6,Batch2/200 azn,gulnar,hasan,train,1,False,200_azn_00262.jpg,retained,19
200_azn_00263.jpg,200_azn,6,Batch2/200 azn,gulnar,hasan,train,1,False,200_azn_00263.jpg,retained,19
200_azn_00264.jpg,200_azn,6,Batch2/200 azn,gulnar,hasan,train,1,False,200_azn_00264.jpg,retained,19
200_azn_00265.jpg,200_azn,6,Batch2/200 azn,gulnar,hasan,train,1,False,200_azn_00265.jpg,retained,19
200_azn_00266.jpg,200_azn,6,Batch2/200 azn,gulnar,hasan,train,1,False,200_azn_00266.jpg,retained,19
200_azn_00267.jpg,200_azn,6,Batch2/200 azn,gulnar,hasan,train,1,False,200_azn_00267.jpg,retained,19
200_azn_00268.jpg,200_azn,6,Batch2/200 azn,gulnar,hasan,train,1,False,200_azn_00268.jpg,retained,19
200_azn_00269.jpg,200_azn,6,Batch2/200 azn,gulnar,hasan,train,1,False,200_azn_00269.jpg,retained,19
200_azn_00270.jpg,200_azn,6,Batch2/200 azn,gulnar,hasan,train,1,False,200_azn_00270.jpg,retained,19
200_azn_00271.jpg,200_azn,6,Batch2/200 azn,gulnar,hasan,train,1,False,200_azn_00271.jpg,retained,19
200_azn_00272.jpg,200_azn,6,Batch2/200 azn,gulnar,hasan,train,1,False,200_azn_00272.jpg,retained,19
200_azn_00273.jpg,200_azn,6,Batch2/200 azn,gulnar,hasan,train,1,False,200_azn_00273.jpg,retained,19
200_azn_00274.jpg,200_azn,6,Batch2/200 azn,gulnar,hasan,train,1,False,200_azn_00274.jpg,retained,19
200_azn_00275.jpg,200_azn,6,Batch2/200 azn,gulnar,hasan,train,1,False,200_azn_00275.jpg,retained,19
200_azn_00276.jpg,200_azn,6,Batch2/200 azn,gulnar,hasan,train,1,False,200_azn_00276.jpg,retained,19
200_azn_00277.jpg,200_azn,6,Batch2/200 azn,gulnar,hasan,train,1,False,200_azn_00277.jpg,retained,19
200_azn_00278.jpg,200_azn,6,Batch2/200 azn,gulnar,hasan,train,1,False,200_azn_00278.jpg,retained,19
200_azn_00279.jpg,200_azn,6,Batch2/200 azn,gulnar,hasan,train,1,False,200_azn_00279.jpg,retained,19
200_azn_00280.jpg,200_azn,6,Batch2/200 azn,gulnar,hasan,train,1,False,200_azn_00280.jpg,retained,19
200_azn_00281.jpg,200_azn,6,Batch2/200 azn,gulnar,hasan,train,1,False,200_azn_00281.jpg,retained,19
200_azn_00282.jpg,200_azn,6,Batch2/200 azn,gulnar,hasan,train,1,False,200_azn_00282.jpg,retained,19
200_azn_00283.jpg,200_azn,6,Batch2/200 azn,gulnar,hasan,train,1,False,200_azn_00283.jpg,retained,19
200_azn_00284.jpg,200_azn,6,Batch2/200 azn,gulnar,hasan,train,1,False,200_azn_00284.jpg,retained,19
001_azn_00097.jpg,001_azn,0,Avaz1/1 azn/Mekan_06,avaz1,kazim,val,1,False,001_azn_00097.jpg,retained,43
001_azn_00098.jpg,001_azn,0,Avaz1/1 azn/Mekan_06,avaz1,kazim,val,1,False,001_azn_00098.jpg,retained,43
001_azn_00099.jpg,001_azn,0,Avaz1/1 azn/Mekan_06,avaz1,kazim,val,1,False,001_azn_00099.jpg,retained,43
001_azn_00100.jpg,001_azn,0,Avaz1/1 azn/Mekan_06,avaz1,kazim,val,1,False,001_azn_00100.jpg,retained,43
001_azn_00101.jpg,001_azn,0,Avaz1/1 azn/Mekan_06,avaz1,kazim,val,1,False,001_azn_00101.jpg,retained,43
001_azn_00102.jpg,001_azn,0,Avaz1/1 azn/Mekan_06,avaz1,kazim,val,1,False,001_azn_00102.jpg,retained,43
001_azn_00103.jpg,001_azn,0,Avaz1/1 azn/Mekan_06,avaz1,kazim,val,1,False,001_azn_00103.jpg,retained,43
001_azn_00104.jpg,001_azn,0,Avaz1/1 azn/Mekan_06,avaz1,kazim,val,1,False,001_azn_00104.jpg,retained,43
001_azn_00105.jpg,001_azn,0,Avaz1/1 azn/Mekan_06,avaz1,kazim,val,1,False,001_azn_00105.jpg,retained,43
001_azn_00106.jpg,001_azn,0,Avaz1/1 azn/Mekan_06,avaz1,kazim,val,1,False,001_azn_00106.jpg,retained,43
001_azn_00107.jpg,001_azn,0,Avaz1/1 azn/Mekan_06,avaz1,kazim,val,1,False,001_azn_00107.jpg,retained,43
001_azn_00108.jpg,001_azn,0,Avaz1/1 azn/Mekan_06,avaz1,kazim,val,1,False,001_azn_00108.jpg,retained,43
001_azn_00109.jpg,001_azn,0,Avaz1/1 azn/Mekan_06,avaz1,kazim,val,1,False,001_azn_00109.jpg,retained,43
001_azn_00110.jpg,001_azn,0,Avaz1/1 azn/Mekan_06,avaz1,kazim,val,1,False,001_azn_00110.jpg,retained,43
001_azn_00111.jpg,001_azn,0,Avaz1/1 azn/Mekan_06,avaz1,kazim,val,1,False,001_azn_00111.jpg,retained,43
001_azn_00112.jpg,001_azn,0,Avaz1/1 azn/Mekan_06,avaz1,kazim,val,1,False,001_azn_00112.jpg,retained,43
001_azn_00113.jpg,001_azn,0,Avaz1/1 azn/Mekan_06,avaz1,kazim,val,1,False,001_azn_00113.jpg,retained,43
001_azn_00114.jpg,001_azn,0,Avaz1/1 azn/Mekan_06,avaz1,kazim,val,1,False,001_azn_00114.jpg,retained,43
001_azn_00115.jpg,001_azn,0,Avaz1/1 azn/Mekan_06,avaz1,kazim,val,1,False,001_azn_00115.jpg,retained,43
001_azn_00116.jpg,001_azn,0,Avaz1/1 azn/Mekan_06,avaz1,kazim,val,1,False,001_azn_00116.jpg,retained,43
001_azn_00158.jpg,001_azn,0,Gulnar/doseme/1/Mekan_01,gulnar,kazim,train,1,False,001_azn_00158.jpg,retained,45
001_azn_00159.jpg,001_azn,0,Gulnar/doseme/1/Mekan_01,gulnar,kazim,train,1,False,001_azn_00159.jpg,retained,45
001_azn_00160.jpg,001_azn,0,Gulnar/doseme/1/Mekan_01,gulnar,kazim,train,1,False,001_azn_00160.jpg,retained,45
001_azn_00161.jpg,001_azn,0,Gulnar/doseme/1/Mekan_01,gulnar,kazim,train,1,False,001_azn_00161.jpg,retained,45
001_azn_00162.jpg,001_azn,0,Gulnar/doseme/1/Mekan_01,gulnar,kazim,train,1,False,001_azn_00162.jpg,retained,45
001_azn_00163.jpg,001_azn,0,Gulnar/doseme/1/Mekan_01,gulnar,kazim,train,1,False,001_azn_00163.jpg,retained,45
001_azn_00164.jpg,001_azn,0,Gulnar/doseme/1/Mekan_01,gulnar,kazim,train,1,False,001_azn_00164.jpg,retained,45
001_azn_00165.jpg,001_azn,0,Gulnar/doseme/1/Mekan_01,gulnar,kazim,train,1,False,001_azn_00165.jpg,retained,45
001_azn_00166.jpg,001_azn,0,Gulnar/doseme/1/Mekan_01,gulnar,kazim,train,1,False,001_azn_00166.jpg,retained,45
001_azn_00167.jpg,001_azn,0,Gulnar/doseme/1/Mekan_01,gulnar,kazim,train,1,False,001_azn_00167.jpg,retained,45
001_azn_00168.jpg,001_azn,0,Gulnar/doseme/1/Mekan_01,gulnar,kazim,train,1,False,001_azn_00168.jpg,retained,45
001_azn_00169.jpg,001_azn,0,Gulnar/doseme/1/Mekan_01,gulnar,kazim,train,1,False,001_azn_00169.jpg,retained,45
001_azn_00321.jpg,001_azn,0,Kazim/1azn/Mekan_02,kazim,kazim,train,1,False,001_azn_00321.jpg,retained,17
001_azn_00322.jpg,001_azn,0,Kazim/1azn/Mekan_02,kazim,kazim,train,1,False,001_azn_00322.jpg,retained,17
001_azn_00323.jpg,001_azn,0,Kazim/1azn/Mekan_02,kazim,kazim,train,1,False,001_azn_00323.jpg,retained,17
001_azn_00324.jpg,001_azn,0,Kazim/1azn/Mekan_02,kazim,kazim,train,1,False,001_azn_00324.jpg,retained,17
001_azn_00325.jpg,001_azn,0,Kazim/1azn/Mekan_02,kazim,kazim,train,1,False,001_azn_00325.jpg,retained,17
001_azn_00326.jpg,001_azn,0,Kazim/1azn/Mekan_02,kazim,kazim,train,1,False,001_azn_00326.jpg,retained,17
001_azn_00327.jpg,001_azn,0,Kazim/1azn/Mekan_02,kazim,kazim,train,1,False,001_azn_00327.jpg,retained,17
001_azn_00328.jpg,001_azn,0,Kazim/1azn/Mekan_02,kazim,kazim,train,1,False,001_azn_00328.jpg,retained,17
001_azn_00329.jpg,001_azn,0,Kazim/1azn/Mekan_02,kazim,kazim,train,1,False,001_azn_00329.jpg,retained,17
001_azn_00330.jpg,001_azn,0,Kazim/1azn/Mekan_02,kazim,kazim,train,1,False,001_azn_00330.jpg,retained,17
001_azn_00331.jpg,001_azn,0,Kazim/1azn/Mekan_02,kazim,kazim,train,1,False,001_azn_00331.jpg,retained,17
001_azn_00332.jpg,001_azn,0,Kazim/1azn/Mekan_02,kazim,kazim,train,1,False,001_azn_00332.jpg,retained,17
001_azn_00333.jpg,001_azn,0,Kazim/1azn/Mekan_02,kazim,kazim,pruned,0,True,,unannotated_empty_label,-1
001_azn_00334.jpg,001_azn,0,Kazim/1azn/Mekan_02,kazim,kazim,train,1,False,001_azn_00334.jpg,retained,17
001_azn_00335.jpg,001_azn,0,Kazim/1azn/Mekan_02,kazim,kazim,pruned,0,True,,unannotated_empty_label,-1
001_azn_00336.jpg,001_azn,0,Kazim/1azn/Mekan_02,kazim,kazim,train,1,False,001_azn_00336.jpg,retained,17
001_azn_00337.jpg,001_azn,0,Kazim/1azn/Mekan_02,kazim,kazim,train,1,False,001_azn_00337.jpg,retained,17
001_azn_00338.jpg,001_azn,0,Kazim/1azn/Mekan_02,kazim,kazim,train,1,False,001_azn_00338.jpg,retained,17
001_azn_00339.jpg,001_azn,0,Kazim/1azn/Mekan_02,kazim,kazim,train,1,False,001_azn_00339.jpg,retained,17
001_azn_00340.jpg,001_azn,0,Kazim/1azn/Mekan_02,kazim,kazim,train,1,False,001_azn_00340.jpg,retained,17
001_azn_00341.jpg,001_azn,0,Kazim/1azn/Mekan_02,kazim,kazim,train,1,False,001_azn_00341.jpg,retained,17
001_azn_00342.jpg,001_azn,0,Kazim/1azn/Mekan_02,kazim,kazim,train,1,False,001_azn_00342.jpg,retained,17
001_azn_00343.jpg,001_azn,0,Kazim/1azn/Mekan_02,kazim,kazim,train,1,False,001_azn_00343.jpg,retained,17
001_azn_00344.jpg,001_azn,0,Kazim/1azn/Mekan_02,kazim,kazim,train,1,False,001_azn_00344.jpg,retained,17
001_azn_00345.jpg,001_azn,0,Kazim/1azn/Mekan_02,kazim,kazim,train,1,False,001_azn_00345.jpg,retained,17
001_azn_00346.jpg,001_azn,0,Kazim/1azn/Mekan_02,kazim,kazim,train,1,False,001_azn_00346.jpg,retained,17
001_azn_00347.jpg,001_azn,0,Kazim/1azn/Mekan_02,kazim,kazim,train,1,False,001_azn_00347.jpg,retained,17
001_azn_00348.jpg,001_azn,0,Kazim/1azn/Mekan_02,kazim,kazim,train,1,False,001_azn_00348.jpg,retained,17
001_azn_00349.jpg,001_azn,0,Kazim/1azn/Mekan_02,kazim,kazim,train,1,False,001_azn_00349.jpg,retained,17
001_azn_00350.jpg,001_azn,0,Kazim/1azn/Mekan_02,kazim,kazim,train,1,False,001_azn_00350.jpg,retained,17
001_azn_00351.jpg,001_azn,0,Kazim/1azn/Mekan_02,kazim,kazim,train,1,False,001_azn_00351.jpg,retained,17
001_azn_00352.jpg,001_azn,0,Kazim/1azn/Mekan_02,kazim,kazim,train,1,False,001_azn_00352.jpg,retained,17
001_azn_00353.jpg,001_azn,0,Kazim/1azn/Mekan_02,kazim,kazim,train,1,False,001_azn_00353.jpg,retained,17
001_azn_00354.jpg,001_azn,0,Kazim/1azn/Mekan_02,kazim,kazim,train,1,False,001_azn_00354.jpg,retained,17
001_azn_00355.jpg,001_azn,0,Kazim/1azn/Mekan_02,kazim,kazim,train,1,False,001_azn_00355.jpg,retained,17
001_azn_00356.jpg,001_azn,0,Kazim/1azn/Mekan_02,kazim,kazim,train,1,False,001_azn_00356.jpg,retained,17
001_azn_00357.jpg,001_azn,0,Kazim/1azn/Mekan_02,kazim,kazim,train,1,False,001_azn_00357.jpg,retained,17
001_azn_00358.jpg,001_azn,0,Kazim/1azn/Mekan_02,kazim,kazim,train,1,False,001_azn_00358.jpg,retained,17
001_azn_00359.jpg,001_azn,0,Kazim/1azn/Mekan_02,kazim,kazim,train,1,False,001_azn_00359.jpg,retained,17
001_azn_00360.jpg,001_azn,0,Kazim/1azn/Mekan_02,kazim,kazim,train,1,False,001_azn_00360.jpg,retained,17
001_azn_00361.jpg,001_azn,0,Kazim/1azn/Mekan_02,kazim,kazim,train,1,False,001_azn_00361.jpg,retained,17
001_azn_00362.jpg,001_azn,0,Kazim/1azn/Mekan_02,kazim,kazim,train,1,False,001_azn_00362.jpg,retained,17
001_azn_00363.jpg,001_azn,0,Kazim/1azn/Mekan_02,kazim,kazim,train,1,False,001_azn_00363.jpg,retained,17
001_azn_00364.jpg,001_azn,0,Kazim/1azn/Mekan_02,kazim,kazim,train,1,False,001_azn_00364.jpg,retained,17
001_azn_00365.jpg,001_azn,0,Kazim/1azn/Mekan_02,kazim,kazim,train,1,False,001_azn_00365.jpg,retained,17
001_azn_00366.jpg,001_azn,0,Kazim/1azn/Mekan_02,kazim,kazim,train,1,False,001_azn_00366.jpg,retained,17
001_azn_00367.jpg,001_azn,0,Kazim/1azn/Mekan_02,kazim,kazim,train,1,False,001_azn_00367.jpg,retained,17
001_azn_00368.jpg,001_azn,0,Kazim/1azn/Mekan_02,kazim,kazim,train,1,False,001_azn_00368.jpg,retained,17
001_azn_00369.jpg,001_azn,0,Kazim/1azn/Mekan_02,kazim,kazim,train,1,False,001_azn_00369.jpg,retained,17
001_azn_00370.jpg,001_azn,0,Kazim/1azn/Mekan_02,kazim,kazim,train,1,False,001_azn_00370.jpg,retained,17
001_azn_00371.jpg,001_azn,0,Kazim/1azn/Mekan_02,kazim,kazim,pruned,0,True,,unannotated_empty_label,-1
001_azn_00372.jpg,001_azn,0,Kazim/1azn/Mekan_02,kazim,kazim,train,1,False,001_azn_00372.jpg,retained,17
001_azn_00373.jpg,001_azn,0,Kazim/1azn/Mekan_02,kazim,kazim,train,1,False,001_azn_00373.jpg,retained,17
001_azn_00374.jpg,001_azn,0,Kazim/1azn/Mekan_02,kazim,kazim,train,1,False,001_azn_00374.jpg,retained,17
001_azn_00375.jpg,001_azn,0,Kazim/1azn/Mekan_02,kazim,kazim,train,1,False,001_azn_00375.jpg,retained,17
001_azn_00376.jpg,001_azn,0,Kazim/1azn/Mekan_02,kazim,kazim,train,1,False,001_azn_00376.jpg,retained,17
001_azn_00377.jpg,001_azn,0,Kazim/1azn/Mekan_02,kazim,kazim,train,1,False,001_azn_00377.jpg,retained,17
001_azn_00378.jpg,001_azn,0,Kazim/1azn/Mekan_02,kazim,kazim,train,1,False,001_azn_00378.jpg,retained,17
001_azn_00379.jpg,001_azn,0,Kazim/1azn/Mekan_02,kazim,kazim,train,1,False,001_azn_00379.jpg,retained,17
001_azn_00380.jpg,001_azn,0,Kazim/1azn/Mekan_02,kazim,kazim,train,1,False,001_azn_00380.jpg,retained,17
001_azn_00381.jpg,001_azn,0,Kazim/1azn/Mekan_02,kazim,kazim,train,1,False,001_azn_00381.jpg,retained,17
001_azn_00382.jpg,001_azn,0,Kazim/1azn/Mekan_02,kazim,kazim,train,1,False,001_azn_00382.jpg,retained,17
001_azn_00383.jpg,001_azn,0,Kazim/1azn/Mekan_02,kazim,kazim,train,1,False,001_azn_00383.jpg,retained,17
001_azn_00384.jpg,001_azn,0,Kazim/1azn/Mekan_02,kazim,kazim,train,1,False,001_azn_00384.jpg,retained,17
001_azn_00385.jpg,001_azn,0,Kazim/1azn/Mekan_02,kazim,kazim,train,1,False,001_azn_00385.jpg,retained,17
001_azn_00386.jpg,001_azn,0,Kazim/1azn/Mekan_02,kazim,kazim,train,1,False,001_azn_00386.jpg,retained,17
001_azn_00387.jpg,001_azn,0,Kazim/1azn/Mekan_02,kazim,kazim,train,1,False,001_azn_00387.jpg,retained,17
001_azn_00388.jpg,001_azn,0,Kazim/1azn/Mekan_02,kazim,kazim,train,1,False,001_azn_00388.jpg,retained,17
001_azn_00389.jpg,001_azn,0,Kazim/1azn/Mekan_02,kazim,kazim,train,1,False,001_azn_00389.jpg,retained,17
001_azn_00390.jpg,001_azn,0,Kazim/1azn/Mekan_02,kazim,kazim,train,1,False,001_azn_00390.jpg,retained,17
001_azn_00391.jpg,001_azn,0,Kazim/1azn/Mekan_02,kazim,kazim,train,1,False,001_azn_00391.jpg,retained,17
001_azn_00392.jpg,001_azn,0,Kazim/1azn/Mekan_02,kazim,kazim,train,1,False,001_azn_00392.jpg,retained,17
001_azn_00393.jpg,001_azn,0,Kazim/1azn/Mekan_02,kazim,kazim,train,1,False,001_azn_00393.jpg,retained,17
001_azn_00394.jpg,001_azn,0,Kazim/1azn/Mekan_02,kazim,kazim,train,1,False,001_azn_00394.jpg,retained,17
001_azn_00395.jpg,001_azn,0,Kazim/1azn/Mekan_02,kazim,kazim,train,1,False,001_azn_00395.jpg,retained,17
001_azn_00396.jpg,001_azn,0,Kazim/1azn/Mekan_02,kazim,kazim,train,1,False,001_azn_00396.jpg,retained,17
001_azn_00397.jpg,001_azn,0,Kazim/1azn/Mekan_02,kazim,kazim,train,1,False,001_azn_00397.jpg,retained,17
001_azn_00398.jpg,001_azn,0,Kazim/1azn/Mekan_02,kazim,kazim,train,1,False,001_azn_00398.jpg,retained,17
001_azn_00399.jpg,001_azn,0,Kazim/1azn/Mekan_02,kazim,kazim,train,1,False,001_azn_00399.jpg,retained,17
001_azn_00400.jpg,001_azn,0,Kazim/1azn/Mekan_02,kazim,kazim,train,1,False,001_azn_00400.jpg,retained,17
001_azn_00401.jpg,001_azn,0,Kazim/1azn/Mekan_02,kazim,kazim,train,1,False,001_azn_00401.jpg,retained,17
005_azn_00001.jpg,005_azn,1,Avaz1/5 manat/Mekan_01,avaz1,kazim,train,1,False,005_azn_00001.jpg,retained,0
005_azn_00002.jpg,005_azn,1,Avaz1/5 manat/Mekan_01,avaz1,kazim,train,1,False,005_azn_00002.jpg,retained,0
005_azn_00003.jpg,005_azn,1,Avaz1/5 manat/Mekan_01,avaz1,kazim,train,1,False,005_azn_00003.jpg,retained,0
005_azn_00004.jpg,005_azn,1,Avaz1/5 manat/Mekan_01,avaz1,kazim,train,1,False,005_azn_00004.jpg,retained,0
005_azn_00005.jpg,005_azn,1,Avaz1/5 manat/Mekan_01,avaz1,kazim,train,1,False,005_azn_00005.jpg,retained,0
005_azn_00006.jpg,005_azn,1,Avaz1/5 manat/Mekan_01,avaz1,kazim,train,1,False,005_azn_00006.jpg,retained,0
005_azn_00007.jpg,005_azn,1,Avaz1/5 manat/Mekan_01,avaz1,kazim,train,1,False,005_azn_00007.jpg,retained,0
005_azn_00008.jpg,005_azn,1,Avaz1/5 manat/Mekan_01,avaz1,kazim,train,1,False,005_azn_00008.jpg,retained,0
005_azn_00009.jpg,005_azn,1,Avaz1/5 manat/Mekan_01,avaz1,kazim,train,1,False,005_azn_00009.jpg,retained,0
005_azn_00010.jpg,005_azn,1,Avaz1/5 manat/Mekan_01,avaz1,kazim,train,1,False,005_azn_00010.jpg,retained,0
005_azn_00011.jpg,005_azn,1,Avaz1/5 manat/Mekan_01,avaz1,kazim,train,1,False,005_azn_00011.jpg,retained,0
005_azn_00012.jpg,005_azn,1,Avaz1/5 manat/Mekan_01,avaz1,kazim,train,1,False,005_azn_00012.jpg,retained,0
005_azn_00013.jpg,005_azn,1,Avaz1/5 manat/Mekan_01,avaz1,kazim,train,1,False,005_azn_00013.jpg,retained,0
005_azn_00014.jpg,005_azn,1,Avaz1/5 manat/Mekan_01,avaz1,kazim,train,1,False,005_azn_00014.jpg,retained,0
005_azn_00015.jpg,005_azn,1,Avaz1/5 manat/Mekan_01,avaz1,kazim,train,1,False,005_azn_00015.jpg,retained,0
005_azn_00016.jpg,005_azn,1,Avaz1/5 manat/Mekan_01,avaz1,kazim,train,1,False,005_azn_00016.jpg,retained,0
005_azn_00017.jpg,005_azn,1,Avaz1/5 manat/Mekan_01,avaz1,kazim,train,1,False,005_azn_00017.jpg,retained,0
005_azn_00018.jpg,005_azn,1,Avaz1/5 manat/Mekan_01,avaz1,kazim,train,1,False,005_azn_00018.jpg,retained,0
005_azn_00019.jpg,005_azn,1,Avaz1/5 manat/Mekan_01,avaz1,kazim,train,1,False,005_azn_00019.jpg,retained,0
005_azn_00020.jpg,005_azn,1,Avaz1/5 manat/Mekan_01,avaz1,kazim,train,1,False,005_azn_00020.jpg,retained,0
005_azn_00021.jpg,005_azn,1,Avaz1/5 manat/Mekan_01,avaz1,kazim,train,1,False,005_azn_00021.jpg,retained,0
005_azn_00022.jpg,005_azn,1,Avaz1/5 manat/Mekan_01,avaz1,kazim,train,1,False,005_azn_00022.jpg,retained,0
005_azn_00023.jpg,005_azn,1,Avaz1/5 manat/Mekan_01,avaz1,kazim,train,1,False,005_azn_00023.jpg,retained,0
005_azn_00024.jpg,005_azn,1,Avaz1/5 manat/Mekan_01,avaz1,kazim,train,1,False,005_azn_00024.jpg,retained,0
005_azn_00025.jpg,005_azn,1,Avaz1/5 manat/Mekan_01,avaz1,kazim,train,1,False,005_azn_00025.jpg,retained,0
005_azn_00026.jpg,005_azn,1,Avaz1/5 manat/Mekan_01,avaz1,kazim,train,1,False,005_azn_00026.jpg,retained,0
005_azn_00027.jpg,005_azn,1,Avaz1/5 manat/Mekan_01,avaz1,kazim,train,1,False,005_azn_00027.jpg,retained,0
005_azn_00028.jpg,005_azn,1,Avaz1/5 manat/Mekan_01,avaz1,kazim,train,1,False,005_azn_00028.jpg,retained,0
005_azn_00029.jpg,005_azn,1,Avaz1/5 manat/Mekan_01,avaz1,kazim,train,1,False,005_azn_00029.jpg,retained,0
005_azn_00030.jpg,005_azn,1,Avaz1/5 manat/Mekan_01,avaz1,kazim,train,1,False,005_azn_00030.jpg,retained,0
005_azn_00031.jpg,005_azn,1,Avaz1/5 manat/Mekan_01,avaz1,kazim,train,1,False,005_azn_00031.jpg,retained,0
005_azn_00032.jpg,005_azn,1,Avaz1/5 manat/Mekan_01,avaz1,kazim,train,1,False,005_azn_00032.jpg,retained,0
005_azn_00033.jpg,005_azn,1,Avaz1/5 manat/Mekan_01,avaz1,kazim,train,1,False,005_azn_00033.jpg,retained,0
005_azn_00166.jpg,005_azn,1,Gulnar/doseme/5/Mekan_01,gulnar,kazim,test,1,False,005_azn_00166.jpg,retained,10
005_azn_00167.jpg,005_azn,1,Gulnar/doseme/5/Mekan_01,gulnar,kazim,test,1,False,005_azn_00167.jpg,retained,10
005_azn_00168.jpg,005_azn,1,Gulnar/doseme/5/Mekan_01,gulnar,kazim,test,1,False,005_azn_00168.jpg,retained,10
005_azn_00169.jpg,005_azn,1,Gulnar/doseme/5/Mekan_01,gulnar,kazim,test,1,False,005_azn_00169.jpg,retained,10
005_azn_00170.jpg,005_azn,1,Gulnar/doseme/5/Mekan_01,gulnar,kazim,test,1,False,005_azn_00170.jpg,retained,10
005_azn_00171.jpg,005_azn,1,Gulnar/doseme/5/Mekan_01,gulnar,kazim,test,1,False,005_azn_00171.jpg,retained,10
005_azn_00172.jpg,005_azn,1,Gulnar/doseme/5/Mekan_01,gulnar,kazim,test,1,False,005_azn_00172.jpg,retained,10
005_azn_00173.jpg,005_azn,1,Gulnar/doseme/5/Mekan_01,gulnar,kazim,test,1,False,005_azn_00173.jpg,retained,10
005_azn_00174.jpg,005_azn,1,Gulnar/doseme/5/Mekan_01,gulnar,kazim,test,1,False,005_azn_00174.jpg,retained,10
005_azn_00175.jpg,005_azn,1,Gulnar/doseme/5/Mekan_01,gulnar,kazim,test,1,False,005_azn_00175.jpg,retained,10
005_azn_00176.jpg,005_azn,1,Gulnar/doseme/5/Mekan_01,gulnar,kazim,test,1,False,005_azn_00176.jpg,retained,10
005_azn_00177.jpg,005_azn,1,Gulnar/doseme/5/Mekan_01,gulnar,kazim,test,1,False,005_azn_00177.jpg,retained,10
005_azn_00178.jpg,005_azn,1,Gulnar/doseme/5/Mekan_01,gulnar,kazim,test,1,False,005_azn_00178.jpg,retained,10
005_azn_00179.jpg,005_azn,1,Gulnar/doseme/5/Mekan_01,gulnar,kazim,test,1,False,005_azn_00179.jpg,retained,10
005_azn_00180.jpg,005_azn,1,Gulnar/doseme/5/Mekan_01,gulnar,kazim,test,1,False,005_azn_00180.jpg,retained,10
005_azn_00181.jpg,005_azn,1,Gulnar/doseme/5/Mekan_01,gulnar,kazim,test,1,False,005_azn_00181.jpg,retained,10
005_azn_00182.jpg,005_azn,1,Gulnar/doseme/5/Mekan_01,gulnar,kazim,test,1,False,005_azn_00182.jpg,retained,10
005_azn_00183.jpg,005_azn,1,Gulnar/doseme/5/Mekan_01,gulnar,kazim,test,1,False,005_azn_00183.jpg,retained,10
005_azn_00184.jpg,005_azn,1,Gulnar/doseme/5/Mekan_01,gulnar,kazim,test,1,False,005_azn_00184.jpg,retained,10
005_azn_00185.jpg,005_azn,1,Gulnar/doseme/5/Mekan_01,gulnar,kazim,test,1,False,005_azn_00185.jpg,retained,10
005_azn_00186.jpg,005_azn,1,Gulnar/doseme/5/Mekan_01,gulnar,kazim,test,1,False,005_azn_00186.jpg,retained,10
005_azn_00187.jpg,005_azn,1,Gulnar/doseme/5/Mekan_01,gulnar,kazim,test,1,False,005_azn_00187.jpg,retained,10
005_azn_00188.jpg,005_azn,1,Gulnar/doseme/5/Mekan_01,gulnar,kazim,test,1,False,005_azn_00188.jpg,retained,10
005_azn_00189.jpg,005_azn,1,Gulnar/doseme/5/Mekan_01,gulnar,kazim,test,1,False,005_azn_00189.jpg,retained,10
005_azn_00190.jpg,005_azn,1,Gulnar/doseme/5/Mekan_01,gulnar,kazim,test,1,False,005_azn_00190.jpg,retained,10
005_azn_00191.jpg,005_azn,1,Gulnar/doseme/5/Mekan_01,gulnar,kazim,test,1,False,005_azn_00191.jpg,retained,10
005_azn_00192.jpg,005_azn,1,Gulnar/doseme/5/Mekan_01,gulnar,kazim,test,1,False,005_azn_00192.jpg,retained,10
005_azn_00193.jpg,005_azn,1,Gulnar/doseme/5/Mekan_01,gulnar,kazim,test,1,False,005_azn_00193.jpg,retained,10
005_azn_00194.jpg,005_azn,1,Gulnar/doseme/5/Mekan_01,gulnar,kazim,test,1,False,005_azn_00194.jpg,retained,10
005_azn_00195.jpg,005_azn,1,Gulnar/doseme/5/Mekan_01,gulnar,kazim,test,1,False,005_azn_00195.jpg,retained,10
005_azn_00242.jpg,005_azn,1,Kazim/5azn/Mekan_02,kazim,kazim,train,1,False,005_azn_00242.jpg,retained,7
005_azn_00243.jpg,005_azn,1,Kazim/5azn/Mekan_02,kazim,kazim,train,1,False,005_azn_00243.jpg,retained,7
005_azn_00244.jpg,005_azn,1,Kazim/5azn/Mekan_02,kazim,kazim,train,1,False,005_azn_00244.jpg,retained,7
005_azn_00245.jpg,005_azn,1,Kazim/5azn/Mekan_02,kazim,kazim,train,1,False,005_azn_00245.jpg,retained,7
005_azn_00246.jpg,005_azn,1,Kazim/5azn/Mekan_02,kazim,kazim,train,1,False,005_azn_00246.jpg,retained,7
005_azn_00247.jpg,005_azn,1,Kazim/5azn/Mekan_02,kazim,kazim,train,1,False,005_azn_00247.jpg,retained,7
005_azn_00248.jpg,005_azn,1,Kazim/5azn/Mekan_02,kazim,kazim,train,1,False,005_azn_00248.jpg,retained,7
005_azn_00249.jpg,005_azn,1,Kazim/5azn/Mekan_02,kazim,kazim,train,1,False,005_azn_00249.jpg,retained,7
005_azn_00250.jpg,005_azn,1,Kazim/5azn/Mekan_02,kazim,kazim,train,1,False,005_azn_00250.jpg,retained,7
005_azn_00251.jpg,005_azn,1,Kazim/5azn/Mekan_02,kazim,kazim,train,1,False,005_azn_00251.jpg,retained,7
010_azn_00093.jpg,010_azn,2,Avaz1/10/Mekan_03,avaz1,kazim,train,1,False,010_azn_00093.jpg,retained,18
010_azn_00094.jpg,010_azn,2,Avaz1/10/Mekan_03,avaz1,kazim,train,1,False,010_azn_00094.jpg,retained,18
010_azn_00095.jpg,010_azn,2,Avaz1/10/Mekan_03,avaz1,kazim,train,1,False,010_azn_00095.jpg,retained,18
010_azn_00096.jpg,010_azn,2,Avaz1/10/Mekan_03,avaz1,kazim,train,1,False,010_azn_00096.jpg,retained,18
010_azn_00097.jpg,010_azn,2,Avaz1/10/Mekan_03,avaz1,kazim,train,1,False,010_azn_00097.jpg,retained,18
010_azn_00098.jpg,010_azn,2,Avaz1/10/Mekan_03,avaz1,kazim,train,1,False,010_azn_00098.jpg,retained,18
010_azn_00099.jpg,010_azn,2,Avaz1/10/Mekan_03,avaz1,kazim,train,1,False,010_azn_00099.jpg,retained,18
010_azn_00100.jpg,010_azn,2,Avaz1/10/Mekan_03,avaz1,kazim,train,1,False,010_azn_00100.jpg,retained,18
010_azn_00101.jpg,010_azn,2,Avaz1/10/Mekan_03,avaz1,kazim,train,1,False,010_azn_00101.jpg,retained,18
010_azn_00102.jpg,010_azn,2,Avaz1/10/Mekan_03,avaz1,kazim,train,1,False,010_azn_00102.jpg,retained,18
010_azn_00103.jpg,010_azn,2,Avaz1/10/Mekan_03,avaz1,kazim,train,1,False,010_azn_00103.jpg,retained,18
010_azn_00104.jpg,010_azn,2,Avaz1/10/Mekan_03,avaz1,kazim,train,1,False,010_azn_00104.jpg,retained,18
010_azn_00105.jpg,010_azn,2,Avaz1/10/Mekan_03,avaz1,kazim,train,1,False,010_azn_00105.jpg,retained,18
010_azn_00106.jpg,010_azn,2,Avaz1/10/Mekan_03,avaz1,kazim,train,1,False,010_azn_00106.jpg,retained,18
010_azn_00107.jpg,010_azn,2,Avaz1/10/Mekan_03,avaz1,kazim,train,1,False,010_azn_00107.jpg,retained,18
010_azn_00108.jpg,010_azn,2,Avaz1/10/Mekan_03,avaz1,kazim,train,1,False,010_azn_00108.jpg,retained,18
010_azn_00109.jpg,010_azn,2,Avaz1/10/Mekan_03,avaz1,kazim,train,1,False,010_azn_00109.jpg,retained,18
010_azn_00110.jpg,010_azn,2,Avaz1/10/Mekan_03,avaz1,kazim,train,1,False,010_azn_00110.jpg,retained,18
010_azn_00111.jpg,010_azn,2,Avaz1/10/Mekan_03,avaz1,kazim,train,1,False,010_azn_00111.jpg,retained,18
010_azn_00112.jpg,010_azn,2,Avaz1/10/Mekan_03,avaz1,kazim,train,1,False,010_azn_00112.jpg,retained,18
010_azn_00113.jpg,010_azn,2,Avaz1/10/Mekan_03,avaz1,kazim,train,1,False,010_azn_00113.jpg,retained,18
010_azn_00114.jpg,010_azn,2,Avaz1/10/Mekan_03,avaz1,kazim,train,1,False,010_azn_00114.jpg,retained,18
010_azn_00115.jpg,010_azn,2,Avaz1/10/Mekan_03,avaz1,kazim,train,1,False,010_azn_00115.jpg,retained,18
010_azn_00116.jpg,010_azn,2,Avaz1/10/Mekan_03,avaz1,kazim,train,1,False,010_azn_00116.jpg,retained,18
010_azn_00117.jpg,010_azn,2,Avaz1/10/Mekan_03,avaz1,kazim,train,1,False,010_azn_00117.jpg,retained,18
010_azn_00118.jpg,010_azn,2,Avaz1/10/Mekan_03,avaz1,kazim,train,1,False,010_azn_00118.jpg,retained,18
010_azn_00119.jpg,010_azn,2,Avaz1/10/Mekan_03,avaz1,kazim,train,1,False,010_azn_00119.jpg,retained,18
010_azn_00120.jpg,010_azn,2,Avaz1/10/Mekan_03,avaz1,kazim,train,3,False,010_azn_00120.jpg,retained,18
010_azn_00121.jpg,010_azn,2,Avaz1/10/Mekan_03,avaz1,kazim,train,1,False,010_azn_00121.jpg,retained,18
010_azn_00122.jpg,010_azn,2,Avaz1/10/Mekan_03,avaz1,kazim,train,1,False,010_azn_00122.jpg,retained,18
010_azn_00123.jpg,010_azn,2,Avaz1/10/Mekan_03,avaz1,kazim,train,1,False,010_azn_00123.jpg,retained,18
010_azn_00124.jpg,010_azn,2,Avaz1/10/Mekan_03,avaz1,kazim,train,1,False,010_azn_00124.jpg,retained,18
010_azn_00125.jpg,010_azn,2,Avaz1/10/Mekan_04,avaz1,kazim,train,1,False,010_azn_00125.jpg,retained,23
010_azn_00126.jpg,010_azn,2,Avaz1/10/Mekan_04,avaz1,kazim,train,1,False,010_azn_00126.jpg,retained,23
010_azn_00127.jpg,010_azn,2,Avaz1/10/Mekan_04,avaz1,kazim,train,1,False,010_azn_00127.jpg,retained,23
010_azn_00128.jpg,010_azn,2,Avaz1/10/Mekan_04,avaz1,kazim,train,1,False,010_azn_00128.jpg,retained,23
010_azn_00129.jpg,010_azn,2,Avaz1/10/Mekan_04,avaz1,kazim,train,1,False,010_azn_00129.jpg,retained,23
010_azn_00130.jpg,010_azn,2,Avaz1/10/Mekan_04,avaz1,kazim,train,1,False,010_azn_00130.jpg,retained,23
010_azn_00131.jpg,010_azn,2,Avaz1/10/Mekan_04,avaz1,kazim,train,1,False,010_azn_00131.jpg,retained,23
010_azn_00132.jpg,010_azn,2,Avaz1/10/Mekan_04,avaz1,kazim,train,1,False,010_azn_00132.jpg,retained,23
010_azn_00173.jpg,010_azn,2,Gulnar/random/10/Mekan_01,gulnar,kazim,val,1,False,010_azn_00173.jpg,retained,3
010_azn_00174.jpg,010_azn,2,Gulnar/random/10/Mekan_01,gulnar,kazim,val,1,False,010_azn_00174.jpg,retained,3
010_azn_00175.jpg,010_azn,2,Gulnar/random/10/Mekan_01,gulnar,kazim,val,1,False,010_azn_00175.jpg,retained,3
010_azn_00176.jpg,010_azn,2,Gulnar/random/10/Mekan_01,gulnar,kazim,val,1,False,010_azn_00176.jpg,retained,3
010_azn_00177.jpg,010_azn,2,Gulnar/random/10/Mekan_01,gulnar,kazim,val,1,False,010_azn_00177.jpg,retained,3
010_azn_00178.jpg,010_azn,2,Gulnar/random/10/Mekan_01,gulnar,kazim,val,1,False,010_azn_00178.jpg,retained,3
010_azn_00179.jpg,010_azn,2,Gulnar/random/10/Mekan_01,gulnar,kazim,val,1,False,010_azn_00179.jpg,retained,3
010_azn_00180.jpg,010_azn,2,Gulnar/random/10/Mekan_01,gulnar,kazim,val,1,False,010_azn_00180.jpg,retained,3
010_azn_00181.jpg,010_azn,2,Gulnar/random/10/Mekan_01,gulnar,kazim,val,3,False,010_azn_00181.jpg,retained,3
010_azn_00182.jpg,010_azn,2,Gulnar/random/10/Mekan_01,gulnar,kazim,val,2,False,010_azn_00182.jpg,retained,3
010_azn_00183.jpg,010_azn,2,Gulnar/random/10/Mekan_01,gulnar,kazim,val,1,False,010_azn_00183.jpg,retained,3
010_azn_00184.jpg,010_azn,2,Gulnar/random/10/Mekan_01,gulnar,kazim,val,1,False,010_azn_00184.jpg,retained,3
010_azn_00185.jpg,010_azn,2,Gulnar/random/10/Mekan_01,gulnar,kazim,val,1,False,010_azn_00185.jpg,retained,3
010_azn_00186.jpg,010_azn,2,Gulnar/random/10/Mekan_01,gulnar,kazim,val,1,False,010_azn_00186.jpg,retained,3
010_azn_00187.jpg,010_azn,2,Gulnar/random/10/Mekan_01,gulnar,kazim,val,1,False,010_azn_00187.jpg,retained,3
010_azn_00188.jpg,010_azn,2,Gulnar/random/10/Mekan_01,gulnar,kazim,val,1,False,010_azn_00188.jpg,retained,3
010_azn_00189.jpg,010_azn,2,Gulnar/random/10/Mekan_01,gulnar,kazim,val,1,False,010_azn_00189.jpg,retained,3
010_azn_00190.jpg,010_azn,2,Gulnar/random/10/Mekan_01,gulnar,kazim,val,1,False,010_azn_00190.jpg,retained,3
010_azn_00191.jpg,010_azn,2,Gulnar/random/10/Mekan_01,gulnar,kazim,val,1,False,010_azn_00191.jpg,retained,3
010_azn_00192.jpg,010_azn,2,Gulnar/random/10/Mekan_01,gulnar,kazim,val,1,False,010_azn_00192.jpg,retained,3
010_azn_00193.jpg,010_azn,2,Gulnar/random/10/Mekan_01,gulnar,kazim,val,1,False,010_azn_00193.jpg,retained,3
010_azn_00194.jpg,010_azn,2,Gulnar/random/10/Mekan_01,gulnar,kazim,val,1,False,010_azn_00194.jpg,retained,3
010_azn_00199.jpg,010_azn,2,Hasan/10manat/Mekan_01,hasan,kazim,train,1,False,010_azn_00199.jpg,retained,4
010_azn_00200.jpg,010_azn,2,Hasan/10manat/Mekan_01,hasan,kazim,train,1,False,010_azn_00200.jpg,retained,4
010_azn_00201.jpg,010_azn,2,Hasan/10manat/Mekan_01,hasan,kazim,train,1,False,010_azn_00201.jpg,retained,4
010_azn_00202.jpg,010_azn,2,Hasan/10manat/Mekan_01,hasan,kazim,train,1,False,010_azn_00202.jpg,retained,4
010_azn_00203.jpg,010_azn,2,Hasan/10manat/Mekan_01,hasan,kazim,train,1,False,010_azn_00203.jpg,retained,4
010_azn_00204.jpg,010_azn,2,Hasan/10manat/Mekan_01,hasan,kazim,train,1,False,010_azn_00204.jpg,retained,4
010_azn_00205.jpg,010_azn,2,Hasan/10manat/Mekan_01,hasan,kazim,train,1,False,010_azn_00205.jpg,retained,4
010_azn_00206.jpg,010_azn,2,Hasan/10manat/Mekan_01,hasan,kazim,train,1,False,010_azn_00206.jpg,retained,4
010_azn_00207.jpg,010_azn,2,Hasan/10manat/Mekan_01,hasan,kazim,train,1,False,010_azn_00207.jpg,retained,4
010_azn_00208.jpg,010_azn,2,Hasan/10manat/Mekan_01,hasan,kazim,train,1,False,010_azn_00208.jpg,retained,4
010_azn_00209.jpg,010_azn,2,Hasan/10manat/Mekan_01,hasan,kazim,train,1,False,010_azn_00209.jpg,retained,4
010_azn_00210.jpg,010_azn,2,Hasan/10manat/Mekan_01,hasan,kazim,train,1,False,010_azn_00210.jpg,retained,4
010_azn_00211.jpg,010_azn,2,Hasan/10manat/Mekan_01,hasan,kazim,train,1,False,010_azn_00211.jpg,retained,4
010_azn_00212.jpg,010_azn,2,Hasan/10manat/Mekan_01,hasan,kazim,train,1,False,010_azn_00212.jpg,retained,4
010_azn_00213.jpg,010_azn,2,Hasan/10manat/Mekan_01,hasan,kazim,train,1,False,010_azn_00213.jpg,retained,4
010_azn_00214.jpg,010_azn,2,Hasan/10manat/Mekan_01,hasan,kazim,train,1,False,010_azn_00214.jpg,retained,4
010_azn_00215.jpg,010_azn,2,Hasan/10manat/Mekan_01,hasan,kazim,train,1,False,010_azn_00215.jpg,retained,4
010_azn_00216.jpg,010_azn,2,Hasan/10manat/Mekan_01,hasan,kazim,train,1,False,010_azn_00216.jpg,retained,4
010_azn_00217.jpg,010_azn,2,Hasan/10manat/Mekan_01,hasan,kazim,train,1,False,010_azn_00217.jpg,retained,4
010_azn_00218.jpg,010_azn,2,Hasan/10manat/Mekan_01,hasan,kazim,train,1,False,010_azn_00218.jpg,retained,4
010_azn_00219.jpg,010_azn,2,Hasan/10manat/Mekan_01,hasan,kazim,train,1,False,010_azn_00219.jpg,retained,4
010_azn_00220.jpg,010_azn,2,Hasan/10manat/Mekan_01,hasan,kazim,train,1,False,010_azn_00220.jpg,retained,4
010_azn_00221.jpg,010_azn,2,Hasan/10manat/Mekan_01,hasan,kazim,train,1,False,010_azn_00221.jpg,retained,4
010_azn_00222.jpg,010_azn,2,Hasan/10manat/Mekan_01,hasan,kazim,train,1,False,010_azn_00222.jpg,retained,4
010_azn_00223.jpg,010_azn,2,Hasan/10manat/Mekan_01,hasan,kazim,train,1,False,010_azn_00223.jpg,retained,4
010_azn_00224.jpg,010_azn,2,Hasan/10manat/Mekan_01,hasan,kazim,train,1,False,010_azn_00224.jpg,retained,4
010_azn_00225.jpg,010_azn,2,Hasan/10manat/Mekan_01,hasan,kazim,train,1,False,010_azn_00225.jpg,retained,4
010_azn_00226.jpg,010_azn,2,Hasan/10manat/Mekan_01,hasan,kazim,train,1,False,010_azn_00226.jpg,retained,4
010_azn_00227.jpg,010_azn,2,Hasan/10manat/Mekan_01,hasan,kazim,train,1,False,010_azn_00227.jpg,retained,4
010_azn_00228.jpg,010_azn,2,Hasan/10manat/Mekan_01,hasan,kazim,train,1,False,010_azn_00228.jpg,retained,4
010_azn_00229.jpg,010_azn,2,Hasan/10manat/Mekan_01,hasan,kazim,train,1,False,010_azn_00229.jpg,retained,4
010_azn_00230.jpg,010_azn,2,Hasan/10manat/Mekan_01,hasan,kazim,train,1,False,010_azn_00230.jpg,retained,4
010_azn_00231.jpg,010_azn,2,Hasan/10manat/Mekan_01,hasan,kazim,train,1,False,010_azn_00231.jpg,retained,4
010_azn_00232.jpg,010_azn,2,Hasan/10manat/Mekan_01,hasan,kazim,train,1,False,010_azn_00232.jpg,retained,4
010_azn_00233.jpg,010_azn,2,Hasan/10manat/Mekan_01,hasan,kazim,train,1,False,010_azn_00233.jpg,retained,4
010_azn_00234.jpg,010_azn,2,Hasan/10manat/Mekan_01,hasan,kazim,train,1,False,010_azn_00234.jpg,retained,4
010_azn_00235.jpg,010_azn,2,Hasan/10manat/Mekan_01,hasan,kazim,train,1,False,010_azn_00235.jpg,retained,4
010_azn_00236.jpg,010_azn,2,Hasan/10manat/Mekan_01,hasan,kazim,train,1,False,010_azn_00236.jpg,retained,4
010_azn_00237.jpg,010_azn,2,Hasan/10manat/Mekan_01,hasan,kazim,train,1,False,010_azn_00237.jpg,retained,4
010_azn_00238.jpg,010_azn,2,Hasan/10manat/Mekan_01,hasan,kazim,train,1,False,010_azn_00238.jpg,retained,4
010_azn_00477.jpg,010_azn,2,Kazim/10azn,kazim,kazim,train,1,False,010_azn_00477.jpg,retained,0
010_azn_00478.jpg,010_azn,2,Kazim/10azn,kazim,kazim,train,1,False,010_azn_00478.jpg,retained,0
010_azn_00479.jpg,010_azn,2,Kazim/10azn,kazim,kazim,train,1,False,010_azn_00479.jpg,retained,0
010_azn_00480.jpg,010_azn,2,Kazim/10azn,kazim,kazim,train,1,False,010_azn_00480.jpg,retained,0
010_azn_00481.jpg,010_azn,2,Kazim/10azn,kazim,kazim,train,1,False,010_azn_00481.jpg,retained,0
010_azn_00482.jpg,010_azn,2,Kazim/10azn,kazim,kazim,train,1,False,010_azn_00482.jpg,retained,0
010_azn_00483.jpg,010_azn,2,Kazim/10azn,kazim,kazim,train,1,False,010_azn_00483.jpg,retained,0
010_azn_00484.jpg,010_azn,2,Kazim/10azn,kazim,kazim,train,1,False,010_azn_00484.jpg,retained,0
010_azn_00485.jpg,010_azn,2,Kazim/10azn,kazim,kazim,train,1,False,010_azn_00485.jpg,retained,0
010_azn_00486.jpg,010_azn,2,Kazim/10azn,kazim,kazim,train,1,False,010_azn_00486.jpg,retained,0
010_azn_00487.jpg,010_azn,2,Kazim/10azn,kazim,kazim,train,1,False,010_azn_00487.jpg,retained,0
010_azn_00488.jpg,010_azn,2,Kazim/10azn,kazim,kazim,train,1,False,010_azn_00488.jpg,retained,0
010_azn_00489.jpg,010_azn,2,Kazim/10azn,kazim,kazim,train,1,False,010_azn_00489.jpg,retained,0
010_azn_00490.jpg,010_azn,2,Kazim/10azn,kazim,kazim,train,1,False,010_azn_00490.jpg,retained,0
010_azn_00491.jpg,010_azn,2,Kazim/10azn,kazim,kazim,train,1,False,010_azn_00491.jpg,retained,0
010_azn_00492.jpg,010_azn,2,Kazim/10azn,kazim,kazim,train,1,False,010_azn_00492.jpg,retained,0
010_azn_00493.jpg,010_azn,2,Kazim/10azn,kazim,kazim,train,1,False,010_azn_00493.jpg,retained,0
010_azn_00494.jpg,010_azn,2,Kazim/10azn,kazim,kazim,train,1,False,010_azn_00494.jpg,retained,0
010_azn_00495.jpg,010_azn,2,Kazim/10azn,kazim,kazim,train,1,False,010_azn_00495.jpg,retained,0
010_azn_00496.jpg,010_azn,2,Kazim/10azn,kazim,kazim,train,1,False,010_azn_00496.jpg,retained,0
010_azn_00497.jpg,010_azn,2,Kazim/10azn,kazim,kazim,train,1,False,010_azn_00497.jpg,retained,0
010_azn_00498.jpg,010_azn,2,Kazim/10azn,kazim,kazim,train,1,False,010_azn_00498.jpg,retained,0
010_azn_00499.jpg,010_azn,2,Kazim/10azn,kazim,kazim,train,1,False,010_azn_00499.jpg,retained,0
010_azn_00500.jpg,010_azn,2,Kazim/10azn,kazim,kazim,train,1,False,010_azn_00500.jpg,retained,0
010_azn_00501.jpg,010_azn,2,Kazim/10azn,kazim,kazim,train,1,False,010_azn_00501.jpg,retained,0
020_azn_00001.jpg,020_azn,3,Gulnar/doseme/20/Mekan_01,gulnar,kazim,val,1,False,020_azn_00001.jpg,retained,1
020_azn_00002.jpg,020_azn,3,Gulnar/doseme/20/Mekan_01,gulnar,kazim,val,1,False,020_azn_00002.jpg,retained,1
020_azn_00003.jpg,020_azn,3,Gulnar/doseme/20/Mekan_01,gulnar,kazim,val,1,False,020_azn_00003.jpg,retained,1
020_azn_00004.jpg,020_azn,3,Gulnar/doseme/20/Mekan_01,gulnar,kazim,val,1,False,020_azn_00004.jpg,retained,1
020_azn_00005.jpg,020_azn,3,Gulnar/doseme/20/Mekan_01,gulnar,kazim,val,1,False,020_azn_00005.jpg,retained,1
020_azn_00006.jpg,020_azn,3,Gulnar/doseme/20/Mekan_01,gulnar,kazim,val,1,False,020_azn_00006.jpg,retained,1
020_azn_00007.jpg,020_azn,3,Gulnar/doseme/20/Mekan_01,gulnar,kazim,val,1,False,020_azn_00007.jpg,retained,1
020_azn_00008.jpg,020_azn,3,Gulnar/doseme/20/Mekan_01,gulnar,kazim,val,1,False,020_azn_00008.jpg,retained,1
020_azn_00009.jpg,020_azn,3,Gulnar/doseme/20/Mekan_01,gulnar,kazim,val,1,False,020_azn_00009.jpg,retained,1
020_azn_00010.jpg,020_azn,3,Gulnar/doseme/20/Mekan_01,gulnar,kazim,val,1,False,020_azn_00010.jpg,retained,1
020_azn_00011.jpg,020_azn,3,Gulnar/doseme/20/Mekan_01,gulnar,kazim,val,1,False,020_azn_00011.jpg,retained,1
020_azn_00012.jpg,020_azn,3,Gulnar/doseme/20/Mekan_01,gulnar,kazim,val,1,False,020_azn_00012.jpg,retained,1
020_azn_00013.jpg,020_azn,3,Gulnar/doseme/20/Mekan_01,gulnar,kazim,val,1,False,020_azn_00013.jpg,retained,1
020_azn_00014.jpg,020_azn,3,Gulnar/doseme/20/Mekan_01,gulnar,kazim,val,1,False,020_azn_00014.jpg,retained,1
020_azn_00015.jpg,020_azn,3,Gulnar/doseme/20/Mekan_01,gulnar,kazim,val,1,False,020_azn_00015.jpg,retained,1
020_azn_00016.jpg,020_azn,3,Gulnar/doseme/20/Mekan_01,gulnar,kazim,val,1,False,020_azn_00016.jpg,retained,1
020_azn_00017.jpg,020_azn,3,Gulnar/doseme/20/Mekan_01,gulnar,kazim,val,1,False,020_azn_00017.jpg,retained,1
020_azn_00018.jpg,020_azn,3,Gulnar/doseme/20/Mekan_01,gulnar,kazim,val,1,False,020_azn_00018.jpg,retained,1
020_azn_00019.jpg,020_azn,3,Gulnar/doseme/20/Mekan_01,gulnar,kazim,val,1,False,020_azn_00019.jpg,retained,1
020_azn_00020.jpg,020_azn,3,Gulnar/doseme/20/Mekan_01,gulnar,kazim,val,1,False,020_azn_00020.jpg,retained,1
020_azn_00047.jpg,020_azn,3,Gulnar/random/20/Mekan_02,gulnar,kazim,val,1,False,020_azn_00047.jpg,retained,9
020_azn_00048.jpg,020_azn,3,Gulnar/random/20/Mekan_02,gulnar,kazim,val,1,False,020_azn_00048.jpg,retained,9
020_azn_00049.jpg,020_azn,3,Gulnar/random/20/Mekan_02,gulnar,kazim,val,1,False,020_azn_00049.jpg,retained,9
020_azn_00050.jpg,020_azn,3,Gulnar/random/20/Mekan_02,gulnar,kazim,val,1,False,020_azn_00050.jpg,retained,9
020_azn_00104.jpg,020_azn,3,Hasan/20manat/Mekan_01,hasan,kazim,train,1,False,020_azn_00104.jpg,retained,4
020_azn_00105.jpg,020_azn,3,Hasan/20manat/Mekan_01,hasan,kazim,train,1,False,020_azn_00105.jpg,retained,4
020_azn_00106.jpg,020_azn,3,Hasan/20manat/Mekan_01,hasan,kazim,train,1,False,020_azn_00106.jpg,retained,4
020_azn_00107.jpg,020_azn,3,Hasan/20manat/Mekan_01,hasan,kazim,train,1,False,020_azn_00107.jpg,retained,4
020_azn_00108.jpg,020_azn,3,Hasan/20manat/Mekan_01,hasan,kazim,train,1,False,020_azn_00108.jpg,retained,4
020_azn_00109.jpg,020_azn,3,Hasan/20manat/Mekan_01,hasan,kazim,train,1,False,020_azn_00109.jpg,retained,4
020_azn_00110.jpg,020_azn,3,Hasan/20manat/Mekan_01,hasan,kazim,train,1,False,020_azn_00110.jpg,retained,4
020_azn_00111.jpg,020_azn,3,Hasan/20manat/Mekan_01,hasan,kazim,train,1,False,020_azn_00111.jpg,retained,4
020_azn_00112.jpg,020_azn,3,Hasan/20manat/Mekan_01,hasan,kazim,train,1,False,020_azn_00112.jpg,retained,4
020_azn_00113.jpg,020_azn,3,Hasan/20manat/Mekan_01,hasan,kazim,train,1,False,020_azn_00113.jpg,retained,4
020_azn_00114.jpg,020_azn,3,Hasan/20manat/Mekan_01,hasan,kazim,train,1,False,020_azn_00114.jpg,retained,4
020_azn_00115.jpg,020_azn,3,Hasan/20manat/Mekan_01,hasan,kazim,train,1,False,020_azn_00115.jpg,retained,4
020_azn_00116.jpg,020_azn,3,Hasan/20manat/Mekan_01,hasan,kazim,train,1,False,020_azn_00116.jpg,retained,4
020_azn_00117.jpg,020_azn,3,Hasan/20manat/Mekan_01,hasan,kazim,train,1,False,020_azn_00117.jpg,retained,4
020_azn_00118.jpg,020_azn,3,Hasan/20manat/Mekan_01,hasan,kazim,train,1,False,020_azn_00118.jpg,retained,4
020_azn_00119.jpg,020_azn,3,Hasan/20manat/Mekan_01,hasan,kazim,train,1,False,020_azn_00119.jpg,retained,4
020_azn_00120.jpg,020_azn,3,Hasan/20manat/Mekan_01,hasan,kazim,train,1,False,020_azn_00120.jpg,retained,4
020_azn_00121.jpg,020_azn,3,Hasan/20manat/Mekan_01,hasan,kazim,train,1,False,020_azn_00121.jpg,retained,4
020_azn_00122.jpg,020_azn,3,Hasan/20manat/Mekan_01,hasan,kazim,train,1,False,020_azn_00122.jpg,retained,4
020_azn_00123.jpg,020_azn,3,Hasan/20manat/Mekan_01,hasan,kazim,train,1,False,020_azn_00123.jpg,retained,4
020_azn_00124.jpg,020_azn,3,Hasan/20manat/Mekan_01,hasan,kazim,train,1,False,020_azn_00124.jpg,retained,4
020_azn_00125.jpg,020_azn,3,Hasan/20manat/Mekan_01,hasan,kazim,train,1,False,020_azn_00125.jpg,retained,4
020_azn_00126.jpg,020_azn,3,Hasan/20manat/Mekan_01,hasan,kazim,train,1,False,020_azn_00126.jpg,retained,4
020_azn_00127.jpg,020_azn,3,Hasan/20manat/Mekan_01,hasan,kazim,train,1,False,020_azn_00127.jpg,retained,4
020_azn_00128.jpg,020_azn,3,Hasan/20manat/Mekan_01,hasan,kazim,train,1,False,020_azn_00128.jpg,retained,4
020_azn_00129.jpg,020_azn,3,Hasan/20manat/Mekan_01,hasan,kazim,train,1,False,020_azn_00129.jpg,retained,4
020_azn_00130.jpg,020_azn,3,Hasan/20manat/Mekan_01,hasan,kazim,train,1,False,020_azn_00130.jpg,retained,4
020_azn_00131.jpg,020_azn,3,Hasan/20manat/Mekan_01,hasan,kazim,train,1,False,020_azn_00131.jpg,retained,4
020_azn_00132.jpg,020_azn,3,Hasan/20manat/Mekan_01,hasan,kazim,train,1,False,020_azn_00132.jpg,retained,4
020_azn_00133.jpg,020_azn,3,Hasan/20manat/Mekan_01,hasan,kazim,train,1,False,020_azn_00133.jpg,retained,4
020_azn_00134.jpg,020_azn,3,Hasan/20manat/Mekan_01,hasan,kazim,train,1,False,020_azn_00134.jpg,retained,4
020_azn_00135.jpg,020_azn,3,Hasan/20manat/Mekan_01,hasan,kazim,train,1,False,020_azn_00135.jpg,retained,4
020_azn_00136.jpg,020_azn,3,Hasan/20manat/Mekan_01,hasan,kazim,train,1,False,020_azn_00136.jpg,retained,4
020_azn_00137.jpg,020_azn,3,Hasan/20manat/Mekan_01,hasan,kazim,train,1,False,020_azn_00137.jpg,retained,4
020_azn_00138.jpg,020_azn,3,Hasan/20manat/Mekan_01,hasan,kazim,train,1,False,020_azn_00138.jpg,retained,4
020_azn_00139.jpg,020_azn,3,Hasan/20manat/Mekan_01,hasan,kazim,train,1,False,020_azn_00139.jpg,retained,4
020_azn_00140.jpg,020_azn,3,Hasan/20manat/Mekan_01,hasan,kazim,train,1,False,020_azn_00140.jpg,retained,4
020_azn_00141.jpg,020_azn,3,Hasan/20manat/Mekan_01,hasan,kazim,train,1,False,020_azn_00141.jpg,retained,4
020_azn_00142.jpg,020_azn,3,Hasan/20manat/Mekan_01,hasan,kazim,train,1,False,020_azn_00142.jpg,retained,4
020_azn_00143.jpg,020_azn,3,Hasan/20manat/Mekan_01,hasan,kazim,train,1,False,020_azn_00143.jpg,retained,4
020_azn_00144.jpg,020_azn,3,Hasan/20manat/Mekan_01,hasan,kazim,train,1,False,020_azn_00144.jpg,retained,4
020_azn_00145.jpg,020_azn,3,Hasan/20manat/Mekan_01,hasan,kazim,train,1,False,020_azn_00145.jpg,retained,4
020_azn_00146.jpg,020_azn,3,Hasan/20manat/Mekan_01,hasan,kazim,train,1,False,020_azn_00146.jpg,retained,4
020_azn_00147.jpg,020_azn,3,Hasan/20manat/Mekan_01,hasan,kazim,train,1,False,020_azn_00147.jpg,retained,4
020_azn_00148.jpg,020_azn,3,Hasan/20manat/Mekan_01,hasan,kazim,train,1,False,020_azn_00148.jpg,retained,4
020_azn_00149.jpg,020_azn,3,Hasan/20manat/Mekan_01,hasan,kazim,train,1,False,020_azn_00149.jpg,retained,4
020_azn_00150.jpg,020_azn,3,Hasan/20manat/Mekan_01,hasan,kazim,train,1,False,020_azn_00150.jpg,retained,4
020_azn_00151.jpg,020_azn,3,Hasan/20manat/Mekan_01,hasan,kazim,train,1,False,020_azn_00151.jpg,retained,4
020_azn_00152.jpg,020_azn,3,Hasan/20manat/Mekan_01,hasan,kazim,train,1,False,020_azn_00152.jpg,retained,4
020_azn_00153.jpg,020_azn,3,Hasan/20manat/Mekan_01,hasan,kazim,train,1,False,020_azn_00153.jpg,retained,4
020_azn_00154.jpg,020_azn,3,Hasan/20manat/Mekan_01,hasan,kazim,train,1,False,020_azn_00154.jpg,retained,4
020_azn_00155.jpg,020_azn,3,Hasan/20manat/Mekan_01,hasan,kazim,train,1,False,020_azn_00155.jpg,retained,4
020_azn_00156.jpg,020_azn,3,Hasan/20manat/Mekan_01,hasan,kazim,train,1,False,020_azn_00156.jpg,retained,4
050_azn_00001.jpg,050_azn,4,Avaz1/50 manat/Mekan_01,avaz1,kazim,train,1,False,050_azn_00001.jpg,retained,51
050_azn_00002.jpg,050_azn,4,Avaz1/50 manat/Mekan_01,avaz1,kazim,train,1,False,050_azn_00002.jpg,retained,51
050_azn_00003.jpg,050_azn,4,Avaz1/50 manat/Mekan_01,avaz1,kazim,train,1,False,050_azn_00003.jpg,retained,51
050_azn_00004.jpg,050_azn,4,Avaz1/50 manat/Mekan_01,avaz1,kazim,train,1,False,050_azn_00004.jpg,retained,51
050_azn_00005.jpg,050_azn,4,Avaz1/50 manat/Mekan_01,avaz1,kazim,train,1,False,050_azn_00005.jpg,retained,51
050_azn_00006.jpg,050_azn,4,Avaz1/50 manat/Mekan_01,avaz1,kazim,train,1,False,050_azn_00006.jpg,retained,51
050_azn_00007.jpg,050_azn,4,Avaz1/50 manat/Mekan_01,avaz1,kazim,train,1,False,050_azn_00007.jpg,retained,51
050_azn_00008.jpg,050_azn,4,Avaz1/50 manat/Mekan_01,avaz1,kazim,train,1,False,050_azn_00008.jpg,retained,51
050_azn_00009.jpg,050_azn,4,Avaz1/50 manat/Mekan_01,avaz1,kazim,train,1,False,050_azn_00009.jpg,retained,51
050_azn_00010.jpg,050_azn,4,Avaz1/50 manat/Mekan_01,avaz1,kazim,train,1,False,050_azn_00010.jpg,retained,51
050_azn_00011.jpg,050_azn,4,Avaz1/50 manat/Mekan_01,avaz1,kazim,train,1,False,050_azn_00011.jpg,retained,51
050_azn_00012.jpg,050_azn,4,Avaz1/50 manat/Mekan_01,avaz1,kazim,train,1,False,050_azn_00012.jpg,retained,51
050_azn_00013.jpg,050_azn,4,Avaz1/50 manat/Mekan_01,avaz1,kazim,train,1,False,050_azn_00013.jpg,retained,51
050_azn_00126.jpg,050_azn,4,Gulnar/random/50/Mekan_02,gulnar,kazim,val,1,False,050_azn_00126.jpg,retained,9
050_azn_00127.jpg,050_azn,4,Gulnar/random/50/Mekan_02,gulnar,kazim,val,1,False,050_azn_00127.jpg,retained,9
050_azn_00128.jpg,050_azn,4,Gulnar/random/50/Mekan_02,gulnar,kazim,val,1,False,050_azn_00128.jpg,retained,9
050_azn_00129.jpg,050_azn,4,Gulnar/random/50/Mekan_02,gulnar,kazim,val,1,False,050_azn_00129.jpg,retained,9
050_azn_00130.jpg,050_azn,4,Hasan/50manat/Mekan_01,hasan,kazim,test,1,False,050_azn_00130.jpg,retained,8
050_azn_00131.jpg,050_azn,4,Hasan/50manat/Mekan_01,hasan,kazim,test,1,False,050_azn_00131.jpg,retained,8
050_azn_00132.jpg,050_azn,4,Hasan/50manat/Mekan_01,hasan,kazim,test,1,False,050_azn_00132.jpg,retained,8
050_azn_00133.jpg,050_azn,4,Hasan/50manat/Mekan_01,hasan,kazim,test,1,False,050_azn_00133.jpg,retained,8
050_azn_00134.jpg,050_azn,4,Hasan/50manat/Mekan_01,hasan,kazim,test,1,False,050_azn_00134.jpg,retained,8
050_azn_00135.jpg,050_azn,4,Hasan/50manat/Mekan_01,hasan,kazim,test,1,False,050_azn_00135.jpg,retained,8
050_azn_00136.jpg,050_azn,4,Hasan/50manat/Mekan_01,hasan,kazim,test,1,False,050_azn_00136.jpg,retained,8
050_azn_00137.jpg,050_azn,4,Hasan/50manat/Mekan_01,hasan,kazim,test,1,False,050_azn_00137.jpg,retained,8
050_azn_00138.jpg,050_azn,4,Hasan/50manat/Mekan_01,hasan,kazim,test,1,False,050_azn_00138.jpg,retained,8
050_azn_00139.jpg,050_azn,4,Hasan/50manat/Mekan_01,hasan,kazim,test,1,False,050_azn_00139.jpg,retained,8
050_azn_00140.jpg,050_azn,4,Hasan/50manat/Mekan_01,hasan,kazim,test,1,False,050_azn_00140.jpg,retained,8
050_azn_00141.jpg,050_azn,4,Hasan/50manat/Mekan_01,hasan,kazim,test,1,False,050_azn_00141.jpg,retained,8
050_azn_00142.jpg,050_azn,4,Hasan/50manat/Mekan_01,hasan,kazim,test,1,False,050_azn_00142.jpg,retained,8
050_azn_00143.jpg,050_azn,4,Hasan/50manat/Mekan_01,hasan,kazim,test,1,False,050_azn_00143.jpg,retained,8
050_azn_00144.jpg,050_azn,4,Hasan/50manat/Mekan_01,hasan,kazim,test,1,False,050_azn_00144.jpg,retained,8
050_azn_00145.jpg,050_azn,4,Hasan/50manat/Mekan_01,hasan,kazim,test,1,False,050_azn_00145.jpg,retained,8
050_azn_00146.jpg,050_azn,4,Hasan/50manat/Mekan_01,hasan,kazim,test,1,False,050_azn_00146.jpg,retained,8
050_azn_00147.jpg,050_azn,4,Hasan/50manat/Mekan_01,hasan,kazim,test,1,False,050_azn_00147.jpg,retained,8
050_azn_00148.jpg,050_azn,4,Hasan/50manat/Mekan_01,hasan,kazim,test,1,False,050_azn_00148.jpg,retained,8
050_azn_00149.jpg,050_azn,4,Hasan/50manat/Mekan_01,hasan,kazim,test,1,False,050_azn_00149.jpg,retained,8
050_azn_00150.jpg,050_azn,4,Hasan/50manat/Mekan_01,hasan,kazim,test,1,False,050_azn_00150.jpg,retained,8
050_azn_00151.jpg,050_azn,4,Hasan/50manat/Mekan_01,hasan,kazim,test,1,False,050_azn_00151.jpg,retained,8
050_azn_00152.jpg,050_azn,4,Hasan/50manat/Mekan_01,hasan,kazim,test,1,False,050_azn_00152.jpg,retained,8
050_azn_00153.jpg,050_azn,4,Hasan/50manat/Mekan_01,hasan,kazim,test,1,False,050_azn_00153.jpg,retained,8
050_azn_00154.jpg,050_azn,4,Hasan/50manat/Mekan_01,hasan,kazim,test,1,False,050_azn_00154.jpg,retained,8
050_azn_00155.jpg,050_azn,4,Hasan/50manat/Mekan_01,hasan,kazim,test,1,False,050_azn_00155.jpg,retained,8
050_azn_00156.jpg,050_azn,4,Hasan/50manat/Mekan_01,hasan,kazim,test,1,False,050_azn_00156.jpg,retained,8
050_azn_00157.jpg,050_azn,4,Hasan/50manat/Mekan_01,hasan,kazim,test,1,False,050_azn_00157.jpg,retained,8
050_azn_00158.jpg,050_azn,4,Hasan/50manat/Mekan_01,hasan,kazim,test,1,False,050_azn_00158.jpg,retained,8
050_azn_00159.jpg,050_azn,4,Hasan/50manat/Mekan_01,hasan,kazim,test,1,False,050_azn_00159.jpg,retained,8
050_azn_00160.jpg,050_azn,4,Hasan/50manat/Mekan_01,hasan,kazim,test,1,False,050_azn_00160.jpg,retained,8
050_azn_00161.jpg,050_azn,4,Hasan/50manat/Mekan_01,hasan,kazim,test,1,False,050_azn_00161.jpg,retained,8
050_azn_00162.jpg,050_azn,4,Hasan/50manat/Mekan_01,hasan,kazim,test,1,False,050_azn_00162.jpg,retained,8
050_azn_00163.jpg,050_azn,4,Hasan/50manat/Mekan_01,hasan,kazim,test,1,False,050_azn_00163.jpg,retained,8
050_azn_00164.jpg,050_azn,4,Hasan/50manat/Mekan_01,hasan,kazim,test,1,False,050_azn_00164.jpg,retained,8
050_azn_00165.jpg,050_azn,4,Hasan/50manat/Mekan_01,hasan,kazim,test,1,False,050_azn_00165.jpg,retained,8
050_azn_00166.jpg,050_azn,4,Hasan/50manat/Mekan_01,hasan,kazim,test,1,False,050_azn_00166.jpg,retained,8
050_azn_00167.jpg,050_azn,4,Hasan/50manat/Mekan_01,hasan,kazim,test,1,False,050_azn_00167.jpg,retained,8
050_azn_00168.jpg,050_azn,4,Hasan/50manat/Mekan_01,hasan,kazim,test,1,False,050_azn_00168.jpg,retained,8
050_azn_00169.jpg,050_azn,4,Hasan/50manat/Mekan_01,hasan,kazim,test,1,False,050_azn_00169.jpg,retained,8
050_azn_00170.jpg,050_azn,4,Hasan/50manat/Mekan_01,hasan,kazim,test,1,False,050_azn_00170.jpg,retained,8
050_azn_00246.jpg,050_azn,4,Kazim/50azn/Mekan_02,kazim,kazim,train,1,False,050_azn_00246.jpg,retained,16
050_azn_00247.jpg,050_azn,4,Kazim/50azn/Mekan_02,kazim,kazim,train,1,False,050_azn_00247.jpg,retained,16
050_azn_00248.jpg,050_azn,4,Kazim/50azn/Mekan_02,kazim,kazim,train,1,False,050_azn_00248.jpg,retained,16
050_azn_00249.jpg,050_azn,4,Kazim/50azn/Mekan_02,kazim,kazim,train,1,False,050_azn_00249.jpg,retained,16
050_azn_00250.jpg,050_azn,4,Kazim/50azn/Mekan_02,kazim,kazim,train,1,False,050_azn_00250.jpg,retained,16
050_azn_00251.jpg,050_azn,4,Kazim/50azn/Mekan_02,kazim,kazim,train,1,False,050_azn_00251.jpg,retained,16
050_azn_00252.jpg,050_azn,4,Kazim/50azn/Mekan_02,kazim,kazim,train,1,False,050_azn_00252.jpg,retained,16
050_azn_00253.jpg,050_azn,4,Kazim/50azn/Mekan_02,kazim,kazim,train,1,False,050_azn_00253.jpg,retained,16
050_azn_00254.jpg,050_azn,4,Kazim/50azn/Mekan_02,kazim,kazim,train,1,False,050_azn_00254.jpg,retained,16
050_azn_00255.jpg,050_azn,4,Kazim/50azn/Mekan_02,kazim,kazim,train,1,False,050_azn_00255.jpg,retained,16
050_azn_00256.jpg,050_azn,4,Kazim/50azn/Mekan_02,kazim,kazim,train,1,False,050_azn_00256.jpg,retained,16
050_azn_00257.jpg,050_azn,4,Kazim/50azn/Mekan_02,kazim,kazim,train,1,False,050_azn_00257.jpg,retained,16
050_azn_00258.jpg,050_azn,4,Kazim/50azn/Mekan_02,kazim,kazim,train,1,False,050_azn_00258.jpg,retained,16
050_azn_00259.jpg,050_azn,4,Kazim/50azn/Mekan_02,kazim,kazim,train,1,False,050_azn_00259.jpg,retained,16
050_azn_00260.jpg,050_azn,4,Kazim/50azn/Mekan_02,kazim,kazim,train,1,False,050_azn_00260.jpg,retained,16
050_azn_00261.jpg,050_azn,4,Kazim/50azn/Mekan_02,kazim,kazim,train,1,False,050_azn_00261.jpg,retained,16
050_azn_00262.jpg,050_azn,4,Kazim/50azn/Mekan_02,kazim,kazim,train,1,False,050_azn_00262.jpg,retained,16
050_azn_00263.jpg,050_azn,4,Kazim/50azn/Mekan_02,kazim,kazim,train,1,False,050_azn_00263.jpg,retained,16
050_azn_00264.jpg,050_azn,4,Kazim/50azn/Mekan_02,kazim,kazim,train,1,False,050_azn_00264.jpg,retained,16
050_azn_00265.jpg,050_azn,4,Kazim/50azn/Mekan_02,kazim,kazim,train,1,False,050_azn_00265.jpg,retained,16
050_azn_00266.jpg,050_azn,4,Kazim/50azn/Mekan_02,kazim,kazim,train,1,False,050_azn_00266.jpg,retained,16
050_azn_00267.jpg,050_azn,4,Kazim/50azn/Mekan_02,kazim,kazim,train,1,False,050_azn_00267.jpg,retained,16
100_azn_00106.jpg,100_azn,5,Gulnar/random/100/Mekan_02,gulnar,kazim,val,1,False,100_azn_00106.jpg,retained,9
100_azn_00107.jpg,100_azn,5,Gulnar/random/100/Mekan_02,gulnar,kazim,val,1,False,100_azn_00107.jpg,retained,9
100_azn_00108.jpg,100_azn,5,Gulnar/random/100/Mekan_02,gulnar,kazim,val,1,False,100_azn_00108.jpg,retained,9
100_azn_00109.jpg,100_azn,5,Gulnar/random/100/Mekan_02,gulnar,kazim,val,1,False,100_azn_00109.jpg,retained,9
100_azn_00147.jpg,100_azn,5,Hasan/100manat/Mekan_02,hasan,kazim,train,1,False,100_azn_00147.jpg,retained,47
100_azn_00148.jpg,100_azn,5,Hasan/100manat/Mekan_02,hasan,kazim,train,1,False,100_azn_00148.jpg,retained,47
100_azn_00149.jpg,100_azn,5,Hasan/100manat/Mekan_02,hasan,kazim,train,1,False,100_azn_00149.jpg,retained,47
100_azn_00150.jpg,100_azn,5,Hasan/100manat/Mekan_02,hasan,kazim,train,1,False,100_azn_00150.jpg,retained,47
100_azn_00151.jpg,100_azn,5,Hasan/100manat/Mekan_02,hasan,kazim,train,1,False,100_azn_00151.jpg,retained,47
100_azn_00152.jpg,100_azn,5,Hasan/100manat/Mekan_02,hasan,kazim,train,1,False,100_azn_00152.jpg,retained,47
100_azn_00153.jpg,100_azn,5,Hasan/100manat/Mekan_02,hasan,kazim,train,1,False,100_azn_00153.jpg,retained,47
100_azn_00154.jpg,100_azn,5,Hasan/100manat/Mekan_02,hasan,kazim,train,1,False,100_azn_00154.jpg,retained,47
100_azn_00155.jpg,100_azn,5,Hasan/100manat/Mekan_02,hasan,kazim,train,1,False,100_azn_00155.jpg,retained,47
100_azn_00156.jpg,100_azn,5,Hasan/100manat/Mekan_02,hasan,kazim,train,1,False,100_azn_00156.jpg,retained,47
100_azn_00157.jpg,100_azn,5,Hasan/100manat/Mekan_02,hasan,kazim,train,1,False,100_azn_00157.jpg,retained,47
100_azn_00158.jpg,100_azn,5,Hasan/100manat/Mekan_02,hasan,kazim,train,1,False,100_azn_00158.jpg,retained,47
100_azn_00159.jpg,100_azn,5,Hasan/100manat/Mekan_02,hasan,kazim,train,1,False,100_azn_00159.jpg,retained,47
100_azn_00160.jpg,100_azn,5,Hasan/100manat/Mekan_02,hasan,kazim,pruned,1,True,100_azn_00159.jpg,near_duplicate_burst,-1
100_azn_00161.jpg,100_azn,5,Hasan/100manat/Mekan_02,hasan,kazim,pruned,1,True,100_azn_00162.jpg,near_duplicate_burst,-1
100_azn_00162.jpg,100_azn,5,Hasan/100manat/Mekan_02,hasan,kazim,train,1,False,100_azn_00162.jpg,retained,47
100_azn_00163.jpg,100_azn,5,Hasan/100manat/Mekan_02,hasan,kazim,train,1,False,100_azn_00163.jpg,retained,47
100_azn_00164.jpg,100_azn,5,Hasan/100manat/Mekan_02,hasan,kazim,pruned,1,True,100_azn_00165.jpg,near_duplicate_burst,-1
100_azn_00165.jpg,100_azn,5,Hasan/100manat/Mekan_02,hasan,kazim,train,1,False,100_azn_00165.jpg,retained,47
100_azn_00166.jpg,100_azn,5,Hasan/100manat/Mekan_02,hasan,kazim,train,1,False,100_azn_00166.jpg,retained,47
100_azn_00167.jpg,100_azn,5,Hasan/100manat/Mekan_02,hasan,kazim,train,1,False,100_azn_00167.jpg,retained,47
100_azn_00168.jpg,100_azn,5,Hasan/100manat/Mekan_02,hasan,kazim,train,1,False,100_azn_00168.jpg,retained,47
100_azn_00169.jpg,100_azn,5,Hasan/100manat/Mekan_02,hasan,kazim,train,1,False,100_azn_00169.jpg,retained,47
100_azn_00170.jpg,100_azn,5,Hasan/100manat/Mekan_02,hasan,kazim,train,1,False,100_azn_00170.jpg,retained,47
100_azn_00171.jpg,100_azn,5,Hasan/100manat/Mekan_02,hasan,kazim,train,1,False,100_azn_00171.jpg,retained,47
100_azn_00172.jpg,100_azn,5,Hasan/100manat/Mekan_02,hasan,kazim,train,1,False,100_azn_00172.jpg,retained,47
100_azn_00173.jpg,100_azn,5,Hasan/100manat/Mekan_02,hasan,kazim,train,1,False,100_azn_00173.jpg,retained,47
100_azn_00174.jpg,100_azn,5,Hasan/100manat/Mekan_02,hasan,kazim,train,1,False,100_azn_00174.jpg,retained,47
100_azn_00175.jpg,100_azn,5,Hasan/100manat/Mekan_02,hasan,kazim,train,1,False,100_azn_00175.jpg,retained,47
100_azn_00176.jpg,100_azn,5,Hasan/100manat/Mekan_02,hasan,kazim,pruned,1,True,100_azn_00175.jpg,near_duplicate_burst,-1
100_azn_00177.jpg,100_azn,5,Hasan/100manat/Mekan_02,hasan,kazim,train,1,False,100_azn_00177.jpg,retained,47
100_azn_00178.jpg,100_azn,5,Hasan/100manat/Mekan_02,hasan,kazim,train,1,False,100_azn_00178.jpg,retained,47
100_azn_00179.jpg,100_azn,5,Hasan/100manat/Mekan_02,hasan,kazim,train,1,False,100_azn_00179.jpg,retained,47
100_azn_00180.jpg,100_azn,5,Hasan/100manat/Mekan_02,hasan,kazim,train,1,False,100_azn_00180.jpg,retained,47
100_azn_00181.jpg,100_azn,5,Hasan/100manat/Mekan_02,hasan,kazim,train,1,False,100_azn_00181.jpg,retained,47
100_azn_00182.jpg,100_azn,5,Hasan/100manat/Mekan_02,hasan,kazim,train,1,False,100_azn_00182.jpg,retained,47
100_azn_00183.jpg,100_azn,5,Hasan/100manat/Mekan_02,hasan,kazim,train,1,False,100_azn_00183.jpg,retained,47
100_azn_00184.jpg,100_azn,5,Hasan/100manat/Mekan_02,hasan,kazim,train,1,False,100_azn_00184.jpg,retained,47
100_azn_00185.jpg,100_azn,5,Hasan/100manat/Mekan_02,hasan,kazim,train,1,False,100_azn_00185.jpg,retained,47
100_azn_00186.jpg,100_azn,5,Hasan/100manat/Mekan_02,hasan,kazim,train,1,False,100_azn_00186.jpg,retained,47
100_azn_00259.jpg,100_azn,5,Kazim/100azn/Mekan_02,kazim,kazim,val,1,False,100_azn_00259.jpg,retained,42
100_azn_00260.jpg,100_azn,5,Kazim/100azn/Mekan_02,kazim,kazim,val,1,False,100_azn_00260.jpg,retained,42
100_azn_00261.jpg,100_azn,5,Kazim/100azn/Mekan_02,kazim,kazim,val,1,False,100_azn_00261.jpg,retained,42
100_azn_00262.jpg,100_azn,5,Kazim/100azn/Mekan_02,kazim,kazim,val,1,False,100_azn_00262.jpg,retained,42
100_azn_00263.jpg,100_azn,5,Kazim/100azn/Mekan_02,kazim,kazim,val,1,False,100_azn_00263.jpg,retained,42
100_azn_00264.jpg,100_azn,5,Kazim/100azn/Mekan_02,kazim,kazim,val,1,False,100_azn_00264.jpg,retained,42
100_azn_00307.jpg,100_azn,5,Kazim/100azn/Mekan_04,kazim,kazim,train,1,False,100_azn_00307.jpg,retained,5
100_azn_00308.jpg,100_azn,5,Kazim/100azn/Mekan_04,kazim,kazim,train,1,False,100_azn_00308.jpg,retained,5
100_azn_00309.jpg,100_azn,5,Kazim/100azn/Mekan_04,kazim,kazim,train,1,False,100_azn_00309.jpg,retained,5
100_azn_00310.jpg,100_azn,5,Kazim/100azn/Mekan_04,kazim,kazim,train,1,False,100_azn_00310.jpg,retained,5
100_azn_00311.jpg,100_azn,5,Kazim/100azn/Mekan_04,kazim,kazim,train,1,False,100_azn_00311.jpg,retained,5
100_azn_00312.jpg,100_azn,5,Kazim/100azn/Mekan_04,kazim,kazim,train,1,False,100_azn_00312.jpg,retained,5
100_azn_00313.jpg,100_azn,5,Kazim/100azn/Mekan_04,kazim,kazim,train,1,False,100_azn_00313.jpg,retained,5
100_azn_00314.jpg,100_azn,5,Kazim/100azn/Mekan_04,kazim,kazim,train,1,False,100_azn_00314.jpg,retained,5
100_azn_00315.jpg,100_azn,5,Kazim/100azn/Mekan_04,kazim,kazim,train,1,False,100_azn_00315.jpg,retained,5
100_azn_00316.jpg,100_azn,5,Kazim/100azn/Mekan_04,kazim,kazim,train,1,False,100_azn_00316.jpg,retained,5
100_azn_00317.jpg,100_azn,5,Kazim/100azn/Mekan_04,kazim,kazim,train,1,False,100_azn_00317.jpg,retained,5
100_azn_00318.jpg,100_azn,5,Kazim/100azn/Mekan_04,kazim,kazim,train,1,False,100_azn_00318.jpg,retained,5
100_azn_00319.jpg,100_azn,5,Kazim/100azn/Mekan_04,kazim,kazim,train,1,False,100_azn_00319.jpg,retained,5
100_azn_00320.jpg,100_azn,5,Kazim/100azn/Mekan_04,kazim,kazim,train,1,False,100_azn_00320.jpg,retained,5
100_azn_00321.jpg,100_azn,5,Kazim/100azn/Mekan_04,kazim,kazim,train,1,False,100_azn_00321.jpg,retained,5
100_azn_00322.jpg,100_azn,5,Kazim/100azn/Mekan_04,kazim,kazim,train,1,False,100_azn_00322.jpg,retained,5
100_azn_00323.jpg,100_azn,5,Kazim/100azn/Mekan_04,kazim,kazim,train,1,False,100_azn_00323.jpg,retained,5
100_azn_00324.jpg,100_azn,5,Kazim/100azn/Mekan_04,kazim,kazim,train,1,False,100_azn_00324.jpg,retained,5
100_azn_00325.jpg,100_azn,5,Kazim/100azn/Mekan_04,kazim,kazim,train,1,False,100_azn_00325.jpg,retained,5
100_azn_00326.jpg,100_azn,5,Kazim/100azn/Mekan_04,kazim,kazim,train,1,False,100_azn_00326.jpg,retained,5
100_azn_00327.jpg,100_azn,5,Kazim/100azn/Mekan_04,kazim,kazim,train,1,False,100_azn_00327.jpg,retained,5
100_azn_00328.jpg,100_azn,5,Kazim/100azn/Mekan_04,kazim,kazim,train,1,False,100_azn_00328.jpg,retained,5
100_azn_00329.jpg,100_azn,5,Kazim/100azn/Mekan_04,kazim,kazim,train,1,False,100_azn_00329.jpg,retained,5
100_azn_00330.jpg,100_azn,5,Kazim/100azn/Mekan_04,kazim,kazim,train,1,False,100_azn_00330.jpg,retained,5
100_azn_00331.jpg,100_azn,5,Kazim/100azn/Mekan_04,kazim,kazim,train,1,False,100_azn_00331.jpg,retained,5
100_azn_00332.jpg,100_azn,5,Kazim/100azn/Mekan_04,kazim,kazim,train,1,False,100_azn_00332.jpg,retained,5
100_azn_00333.jpg,100_azn,5,Kazim/100azn/Mekan_04,kazim,kazim,train,1,False,100_azn_00333.jpg,retained,5
100_azn_00334.jpg,100_azn,5,Kazim/100azn/Mekan_04,kazim,kazim,train,1,False,100_azn_00334.jpg,retained,5
100_azn_00335.jpg,100_azn,5,Kazim/100azn/Mekan_04,kazim,kazim,train,1,False,100_azn_00335.jpg,retained,5
100_azn_00375.jpg,100_azn,5,Kazim/100azn/Mekan_08,kazim,kazim,test,1,False,100_azn_00375.jpg,retained,15
100_azn_00376.jpg,100_azn,5,Kazim/100azn/Mekan_08,kazim,kazim,test,1,False,100_azn_00376.jpg,retained,15
100_azn_00377.jpg,100_azn,5,Kazim/100azn/Mekan_08,kazim,kazim,test,1,False,100_azn_00377.jpg,retained,15
100_azn_00378.jpg,100_azn,5,Kazim/100azn/Mekan_08,kazim,kazim,test,1,False,100_azn_00378.jpg,retained,15
100_azn_00379.jpg,100_azn,5,Kazim/100azn/Mekan_08,kazim,kazim,test,1,False,100_azn_00379.jpg,retained,15
100_azn_00380.jpg,100_azn,5,Kazim/100azn/Mekan_08,kazim,kazim,test,1,False,100_azn_00380.jpg,retained,15
100_azn_00381.jpg,100_azn,5,Kazim/100azn/Mekan_08,kazim,kazim,test,1,False,100_azn_00381.jpg,retained,15
100_azn_00382.jpg,100_azn,5,Kazim/100azn/Mekan_08,kazim,kazim,test,1,False,100_azn_00382.jpg,retained,15
100_azn_00383.jpg,100_azn,5,Kazim/100azn/Mekan_08,kazim,kazim,test,1,False,100_azn_00383.jpg,retained,15
100_azn_00384.jpg,100_azn,5,Kazim/100azn/Mekan_08,kazim,kazim,test,1,False,100_azn_00384.jpg,retained,15
100_azn_00385.jpg,100_azn,5,Kazim/100azn/Mekan_08,kazim,kazim,test,1,False,100_azn_00385.jpg,retained,15
100_azn_00386.jpg,100_azn,5,Kazim/100azn/Mekan_08,kazim,kazim,test,1,False,100_azn_00386.jpg,retained,15
100_azn_00387.jpg,100_azn,5,Kazim/100azn/Mekan_08,kazim,kazim,test,1,False,100_azn_00387.jpg,retained,15
100_azn_00388.jpg,100_azn,5,Kazim/100azn/Mekan_08,kazim,kazim,test,1,False,100_azn_00388.jpg,retained,15
100_azn_00389.jpg,100_azn,5,Kazim/100azn/Mekan_08,kazim,kazim,test,1,False,100_azn_00389.jpg,retained,15
100_azn_00390.jpg,100_azn,5,Kazim/100azn/Mekan_08,kazim,kazim,test,1,False,100_azn_00390.jpg,retained,15
100_azn_00391.jpg,100_azn,5,Kazim/100azn/Mekan_08,kazim,kazim,test,1,False,100_azn_00391.jpg,retained,15
100_azn_00392.jpg,100_azn,5,Kazim/100azn/Mekan_08,kazim,kazim,test,1,False,100_azn_00392.jpg,retained,15
100_azn_00393.jpg,100_azn,5,Kazim/100azn/Mekan_08,kazim,kazim,test,1,False,100_azn_00393.jpg,retained,15
100_azn_00394.jpg,100_azn,5,Kazim/100azn/Mekan_08,kazim,kazim,test,1,False,100_azn_00394.jpg,retained,15
100_azn_00395.jpg,100_azn,5,Kazim/100azn/Mekan_08,kazim,kazim,test,1,False,100_azn_00395.jpg,retained,15
200_azn_00039.jpg,200_azn,6,Gulnar/200/Mekan_02,gulnar,kazim,train,1,False,200_azn_00039.jpg,retained,6
200_azn_00040.jpg,200_azn,6,Gulnar/200/Mekan_02,gulnar,kazim,pruned,1,True,200_azn_00039.jpg,near_duplicate_burst,-1
200_azn_00041.jpg,200_azn,6,Gulnar/200/Mekan_02,gulnar,kazim,train,1,False,200_azn_00041.jpg,retained,6
200_azn_00042.jpg,200_azn,6,Gulnar/200/Mekan_02,gulnar,kazim,train,1,False,200_azn_00042.jpg,retained,6
200_azn_00043.jpg,200_azn,6,Gulnar/200/Mekan_02,gulnar,kazim,train,1,False,200_azn_00043.jpg,retained,6
200_azn_00044.jpg,200_azn,6,Gulnar/200/Mekan_02,gulnar,kazim,train,1,False,200_azn_00044.jpg,retained,6
200_azn_00045.jpg,200_azn,6,Gulnar/200/Mekan_02,gulnar,kazim,train,1,False,200_azn_00045.jpg,retained,6
200_azn_00046.jpg,200_azn,6,Gulnar/200/Mekan_02,gulnar,kazim,train,1,False,200_azn_00046.jpg,retained,6
200_azn_00047.jpg,200_azn,6,Gulnar/200/Mekan_02,gulnar,kazim,train,1,False,200_azn_00047.jpg,retained,6
200_azn_00048.jpg,200_azn,6,Gulnar/200/Mekan_02,gulnar,kazim,train,1,False,200_azn_00048.jpg,retained,6
200_azn_00049.jpg,200_azn,6,Gulnar/200/Mekan_02,gulnar,kazim,train,1,False,200_azn_00049.jpg,retained,6
200_azn_00050.jpg,200_azn,6,Gulnar/200/Mekan_02,gulnar,kazim,train,1,False,200_azn_00050.jpg,retained,6
200_azn_00051.jpg,200_azn,6,Gulnar/200/Mekan_02,gulnar,kazim,train,1,False,200_azn_00051.jpg,retained,6
200_azn_00052.jpg,200_azn,6,Gulnar/200/Mekan_02,gulnar,kazim,train,1,False,200_azn_00052.jpg,retained,6
200_azn_00053.jpg,200_azn,6,Gulnar/200/Mekan_02,gulnar,kazim,train,1,False,200_azn_00053.jpg,retained,6
200_azn_00054.jpg,200_azn,6,Gulnar/200/Mekan_02,gulnar,kazim,train,1,False,200_azn_00054.jpg,retained,6
200_azn_00055.jpg,200_azn,6,Gulnar/200/Mekan_02,gulnar,kazim,train,1,False,200_azn_00055.jpg,retained,6
200_azn_00056.jpg,200_azn,6,Gulnar/200/Mekan_02,gulnar,kazim,train,1,False,200_azn_00056.jpg,retained,6
200_azn_00057.jpg,200_azn,6,Gulnar/200/Mekan_02,gulnar,kazim,train,1,False,200_azn_00057.jpg,retained,6
200_azn_00058.jpg,200_azn,6,Gulnar/200/Mekan_02,gulnar,kazim,train,1,False,200_azn_00058.jpg,retained,6
200_azn_00059.jpg,200_azn,6,Gulnar/200/Mekan_02,gulnar,kazim,train,1,False,200_azn_00059.jpg,retained,6
200_azn_00060.jpg,200_azn,6,Gulnar/200/Mekan_02,gulnar,kazim,train,1,False,200_azn_00060.jpg,retained,6
200_azn_00061.jpg,200_azn,6,Gulnar/200/Mekan_02,gulnar,kazim,train,1,False,200_azn_00061.jpg,retained,6
200_azn_00062.jpg,200_azn,6,Gulnar/200/Mekan_02,gulnar,kazim,train,1,False,200_azn_00062.jpg,retained,6
200_azn_00063.jpg,200_azn,6,Gulnar/200/Mekan_02,gulnar,kazim,train,1,False,200_azn_00063.jpg,retained,6
200_azn_00064.jpg,200_azn,6,Gulnar/200/Mekan_02,gulnar,kazim,train,1,False,200_azn_00064.jpg,retained,6
200_azn_00065.jpg,200_azn,6,Gulnar/200/Mekan_02,gulnar,kazim,train,1,False,200_azn_00065.jpg,retained,6
200_azn_00066.jpg,200_azn,6,Gulnar/200/Mekan_02,gulnar,kazim,train,1,False,200_azn_00066.jpg,retained,6
200_azn_00067.jpg,200_azn,6,Gulnar/200/Mekan_02,gulnar,kazim,train,1,False,200_azn_00067.jpg,retained,6
200_azn_00068.jpg,200_azn,6,Gulnar/200/Mekan_02,gulnar,kazim,train,1,False,200_azn_00068.jpg,retained,6
200_azn_00069.jpg,200_azn,6,Gulnar/200/Mekan_02,gulnar,kazim,train,1,False,200_azn_00069.jpg,retained,6
200_azn_00070.jpg,200_azn,6,Gulnar/200/Mekan_02,gulnar,kazim,train,1,False,200_azn_00070.jpg,retained,6
200_azn_00071.jpg,200_azn,6,Gulnar/200/Mekan_02,gulnar,kazim,train,1,False,200_azn_00071.jpg,retained,6
200_azn_00072.jpg,200_azn,6,Gulnar/200/Mekan_02,gulnar,kazim,train,1,False,200_azn_00072.jpg,retained,6
200_azn_00073.jpg,200_azn,6,Gulnar/200/Mekan_02,gulnar,kazim,train,1,False,200_azn_00073.jpg,retained,6
200_azn_00074.jpg,200_azn,6,Gulnar/200/Mekan_02,gulnar,kazim,train,1,False,200_azn_00074.jpg,retained,6
200_azn_00075.jpg,200_azn,6,Gulnar/200/Mekan_02,gulnar,kazim,train,1,False,200_azn_00075.jpg,retained,6
200_azn_00076.jpg,200_azn,6,Gulnar/200/Mekan_02,gulnar,kazim,train,1,False,200_azn_00076.jpg,retained,6
200_azn_00077.jpg,200_azn,6,Gulnar/200/Mekan_02,gulnar,kazim,train,1,False,200_azn_00077.jpg,retained,6
200_azn_00078.jpg,200_azn,6,Gulnar/200/Mekan_02,gulnar,kazim,train,1,False,200_azn_00078.jpg,retained,6
200_azn_00079.jpg,200_azn,6,Gulnar/200/Mekan_02,gulnar,kazim,train,1,False,200_azn_00079.jpg,retained,6
200_azn_00080.jpg,200_azn,6,Gulnar/200/Mekan_02,gulnar,kazim,train,1,False,200_azn_00080.jpg,retained,6
200_azn_00081.jpg,200_azn,6,Gulnar/200/Mekan_02,gulnar,kazim,train,1,False,200_azn_00081.jpg,retained,6
200_azn_00082.jpg,200_azn,6,Gulnar/200/Mekan_02,gulnar,kazim,train,1,False,200_azn_00082.jpg,retained,6
200_azn_00083.jpg,200_azn,6,Gulnar/200/Mekan_02,gulnar,kazim,train,1,False,200_azn_00083.jpg,retained,6
200_azn_00084.jpg,200_azn,6,Gulnar/200/Mekan_02,gulnar,kazim,train,1,False,200_azn_00084.jpg,retained,6
200_azn_00085.jpg,200_azn,6,Gulnar/200/Mekan_02,gulnar,kazim,train,1,False,200_azn_00085.jpg,retained,6
200_azn_00086.jpg,200_azn,6,Gulnar/200/Mekan_02,gulnar,kazim,train,1,False,200_azn_00086.jpg,retained,6
200_azn_00087.jpg,200_azn,6,Gulnar/200/Mekan_03,gulnar,kazim,test,1,False,200_azn_00087.jpg,retained,35
200_azn_00088.jpg,200_azn,6,Gulnar/200/Mekan_03,gulnar,kazim,test,1,False,200_azn_00088.jpg,retained,35
200_azn_00181.jpg,200_azn,6,Gulnar/doseme/200/Mekan_01,gulnar,kazim,val,1,False,200_azn_00181.jpg,retained,1
200_azn_00182.jpg,200_azn,6,Gulnar/doseme/200/Mekan_01,gulnar,kazim,val,1,False,200_azn_00182.jpg,retained,1
200_azn_00183.jpg,200_azn,6,Gulnar/doseme/200/Mekan_01,gulnar,kazim,val,1,False,200_azn_00183.jpg,retained,1
200_azn_00184.jpg,200_azn,6,Gulnar/doseme/200/Mekan_01,gulnar,kazim,val,1,False,200_azn_00184.jpg,retained,1
200_azn_00185.jpg,200_azn,6,Gulnar/doseme/200/Mekan_01,gulnar,kazim,val,1,False,200_azn_00185.jpg,retained,1
200_azn_00186.jpg,200_azn,6,Gulnar/doseme/200/Mekan_01,gulnar,kazim,val,1,False,200_azn_00186.jpg,retained,1
200_azn_00187.jpg,200_azn,6,Gulnar/doseme/200/Mekan_01,gulnar,kazim,val,1,False,200_azn_00187.jpg,retained,1
200_azn_00188.jpg,200_azn,6,Gulnar/doseme/200/Mekan_01,gulnar,kazim,val,1,False,200_azn_00188.jpg,retained,1
200_azn_00189.jpg,200_azn,6,Gulnar/doseme/200/Mekan_01,gulnar,kazim,val,1,False,200_azn_00189.jpg,retained,1
200_azn_00190.jpg,200_azn,6,Gulnar/doseme/200/Mekan_01,gulnar,kazim,val,1,False,200_azn_00190.jpg,retained,1
200_azn_00191.jpg,200_azn,6,Gulnar/doseme/200/Mekan_01,gulnar,kazim,val,1,False,200_azn_00191.jpg,retained,1
200_azn_00192.jpg,200_azn,6,Gulnar/doseme/200/Mekan_01,gulnar,kazim,val,1,False,200_azn_00192.jpg,retained,1
200_azn_00193.jpg,200_azn,6,Gulnar/doseme/200/Mekan_01,gulnar,kazim,val,1,False,200_azn_00193.jpg,retained,1
200_azn_00194.jpg,200_azn,6,Gulnar/doseme/200/Mekan_01,gulnar,kazim,val,1,False,200_azn_00194.jpg,retained,1
200_azn_00195.jpg,200_azn,6,Gulnar/doseme/200/Mekan_01,gulnar,kazim,val,1,False,200_azn_00195.jpg,retained,1
200_azn_00196.jpg,200_azn,6,Gulnar/doseme/200/Mekan_01,gulnar,kazim,val,1,False,200_azn_00196.jpg,retained,1
200_azn_00197.jpg,200_azn,6,Gulnar/doseme/200/Mekan_01,gulnar,kazim,val,1,False,200_azn_00197.jpg,retained,1
200_azn_00198.jpg,200_azn,6,Gulnar/doseme/200/Mekan_01,gulnar,kazim,val,1,False,200_azn_00198.jpg,retained,1
200_azn_00199.jpg,200_azn,6,Gulnar/doseme/200/Mekan_01,gulnar,kazim,val,1,False,200_azn_00199.jpg,retained,1
200_azn_00200.jpg,200_azn,6,Gulnar/doseme/200/Mekan_01,gulnar,kazim,val,1,False,200_azn_00200.jpg,retained,1
200_azn_00201.jpg,200_azn,6,Gulnar/doseme/200/Mekan_01,gulnar,kazim,val,1,False,200_azn_00201.jpg,retained,1
